{
    "norm": [
        0.639021635055542,
        3.3171849250793457,
        3.1898670196533203,
        3.402233600616455,
        3.7292070388793945,
        3.9195616245269775,
        3.175694465637207,
        3.661241292953491,
        3.5997729301452637,
        3.2523856163024902,
        3.7430224418640137,
        3.6204495429992676,
        3.543050765991211,
        3.596785306930542,
        3.6445610523223877,
        3.6973812580108643,
        3.9371039867401123,
        3.34598708152771,
        3.5424442291259766,
        3.6954634189605713
    ],
    "is_suc": 0,
    "now_seed": 200007
}