{
    "norm": [
        0.36389419436454773,
        3.6579127311706543,
        3.495093822479248,
        3.6506078243255615,
        3.202850818634033,
        3.1281707286834717,
        3.6228010654449463,
        3.908587694168091,
        3.6919474601745605,
        3.787825345993042,
        2.8742823600769043,
        3.8148651123046875,
        3.4737634658813477,
        3.474275827407837,
        3.087092638015747
    ],
    "is_suc": 1,
    "now_seed": 200011
}