{
    "norm": [
        0.6264430284500122,
        3.5284030437469482,
        2.8005993366241455,
        3.832075357437134,
        3.35446834564209,
        3.72880220413208,
        2.9087164402008057,
        2.567326307296753,
        3.6247310638427734,
        3.8751604557037354,
        3.821861505508423,
        3.6842164993286133,
        3.216703176498413,
        3.342268466949463,
        3.400252103805542,
        3.572706699371338,
        3.9239113330841064,
        3.663064479827881,
        3.6112606525421143,
        3.196326732635498
    ],
    "is_suc": 0,
    "now_seed": 200002
}