{
    "norm": [
        0.6177988052368164,
        2.996656894683838,
        2.8589882850646973,
        2.985893487930298,
        3.504687547683716,
        3.4954845905303955,
        3.8935317993164062,
        3.432203531265259,
        3.510526418685913,
        3.3226234912872314,
        3.597036123275757,
        3.474438190460205,
        3.605548858642578,
        3.1466188430786133,
        3.858272075653076,
        3.5490896701812744,
        3.3449976444244385,
        3.4859864711761475,
        3.534932851791382,
        3.3376224040985107
    ],
    "is_suc": 0,
    "now_seed": 200003
}