{
    "norm": [
        0.5303764343261719,
        2.9134042263031006,
        3.919332265853882,
        4.265640735626221,
        3.5159170627593994,
        3.208217144012451,
        3.4012937545776367,
        3.347923994064331,
        3.8990254402160645,
        3.577132225036621,
        4.0476908683776855,
        3.146726608276367,
        2.473717212677002,
        3.663050889968872,
        3.6359617710113525,
        3.4504387378692627
    ],
    "is_suc": 1,
    "now_seed": 200009
}