{
    "norm": [
        0.3492319583892822,
        2.818108320236206,
        2.9626519680023193,
        2.931997537612915,
        3.268763542175293,
        3.493129014968872,
        3.425114154815674,
        2.7568044662475586,
        3.27234148979187,
        5.167527198791504,
        3.9705450534820557,
        3.577962875366211,
        3.4034392833709717,
        3.750166177749634,
        3.892944812774658,
        3.6987485885620117,
        3.6144015789031982,
        3.598234176635742,
        3.687556743621826,
        3.607562303543091
    ],
    "is_suc": 0,
    "now_seed": 200010
}