{
    "norm": [
        0.3580843508243561,
        2.9957494735717773,
        2.9566333293914795,
        2.647117853164673,
        3.4282288551330566,
        3.444958209991455,
        3.3303239345550537,
        3.0912303924560547,
        3.9463508129119873,
        3.7856550216674805,
        4.006950855255127,
        3.4848968982696533,
        3.323192596435547,
        3.35426664352417,
        3.7646048069000244,
        4.375277519226074,
        3.8106250762939453,
        3.717050075531006,
        3.9559154510498047,
        3.3939740657806396
    ],
    "is_suc": 0,
    "now_seed": 200004
}