{
    "norm": [
        0.521842360496521,
        3.5605852603912354,
        3.645192861557007,
        3.7213761806488037,
        3.2002108097076416,
        3.212897777557373,
        3.398444652557373,
        3.4710984230041504,
        3.269308567047119,
        3.495568037033081,
        3.3302409648895264,
        3.2586894035339355,
        3.3567097187042236,
        3.456578016281128,
        3.446247100830078,
        3.285465717315674,
        3.3433473110198975,
        3.1987295150756836,
        3.1762287616729736,
        3.2948355674743652
    ],
    "is_suc": 0,
    "now_seed": 200000
}