{
    "norm": [
        0.5223298668861389,
        3.3526363372802734,
        3.7573330402374268,
        3.4869916439056396,
        3.1535305976867676,
        3.1258151531219482,
        3.0747878551483154,
        3.528451919555664,
        3.4003570079803467,
        3.3184990882873535,
        3.3681533336639404,
        3.286931276321411,
        3.3920249938964844,
        3.9561755657196045,
        3.3551082611083984,
        3.630725622177124,
        3.3376870155334473,
        3.3165431022644043,
        3.3734331130981445,
        3.3177475929260254
    ],
    "is_suc": 0,
    "now_seed": 200016
}