{
    "norm": [
        0.40828412771224976,
        3.627070188522339,
        3.446558952331543,
        3.558551788330078,
        3.2876572608947754,
        3.132026195526123,
        3.302057981491089,
        3.4115090370178223,
        3.333043336868286,
        3.7478737831115723,
        3.6307947635650635,
        4.278326034545898,
        2.9970767498016357,
        2.817467212677002,
        3.0910513401031494,
        2.888731002807617,
        3.334059000015259,
        3.5028674602508545,
        4.2105302810668945,
        3.5492324829101562
    ],
    "is_suc": 0,
    "now_seed": 200018
}