{
    "norm": [
        0.47339102625846863,
        4.037513732910156,
        3.6688740253448486,
        3.6050684452056885,
        3.3403406143188477,
        3.0879340171813965,
        3.3961784839630127,
        3.3633575439453125,
        3.3657047748565674,
        3.285055160522461,
        3.4622910022735596,
        3.265659809112549,
        3.527575731277466,
        3.3978588581085205,
        3.477405071258545,
        3.8208682537078857,
        3.6003870964050293,
        3.8372724056243896,
        3.5791525840759277,
        3.683131694793701
    ],
    "is_suc": 0,
    "now_seed": 200005
}