{
    "norm": [
        0.5195363163948059,
        3.4364993572235107,
        2.9873740673065186,
        2.90446138381958,
        3.1997973918914795,
        3.4681649208068848,
        3.0890800952911377,
        2.8443920612335205,
        5.334823131561279,
        4.004974365234375,
        3.805583953857422,
        3.4752283096313477,
        3.748263359069824,
        3.5065743923187256,
        3.589834690093994,
        3.346874475479126,
        3.8338944911956787,
        4.121330261230469,
        3.507920742034912,
        3.833651304244995
    ],
    "is_suc": 0,
    "now_seed": 200013
}