{
    "norm": [
        0.6501930952072144,
        3.308539628982544,
        3.778855085372925,
        3.843644142150879,
        3.4140172004699707,
        3.268700361251831,
        3.281475782394409,
        3.4669878482818604,
        4.074717044830322,
        3.779310941696167,
        3.458853244781494,
        2.7357749938964844,
        2.6295316219329834,
        2.9594929218292236,
        2.970604658126831,
        3.3240814208984375,
        2.970306396484375,
        2.8340914249420166,
        5.168491840362549,
        3.742421865463257
    ],
    "is_suc": 0,
    "now_seed": 200014
}