{
    "norm": [
        0.7501969933509827,
        3.677518844604492,
        3.615267515182495,
        3.547588348388672,
        3.0475471019744873,
        3.19343638420105,
        3.101762294769287,
        3.343290090560913,
        3.515347957611084,
        3.3835949897766113,
        2.9923171997070312,
        3.6832919120788574,
        3.4915103912353516,
        3.4393575191497803,
        3.7814388275146484,
        3.2407288551330566,
        3.2756025791168213,
        3.206078052520752,
        3.125526189804077,
        3.610860824584961
    ],
    "is_suc": 0,
    "now_seed": 200015
}