{
    "norm": [
        0.5001776218414307,
        3.209704637527466,
        2.1754250526428223,
        2.4132838249206543,
        2.6719298362731934,
        2.687166690826416,
        3.673469305038452,
        3.558807611465454,
        3.5811264514923096,
        3.843677043914795,
        3.4930248260498047,
        3.5608513355255127,
        3.695207357406616,
        3.627206563949585,
        3.8454484939575195,
        3.8154048919677734,
        3.4500670433044434,
        3.3391692638397217,
        3.380337715148926,
        3.6485941410064697
    ],
    "is_suc": 0,
    "now_seed": 200006
}