{
    "norm": [
        0.49367085099220276,
        3.103388786315918,
        2.7308545112609863,
        2.3084282875061035,
        2.758551597595215,
        2.8987741470336914,
        3.4893462657928467,
        3.6003217697143555,
        3.1186931133270264,
        3.089657783508301,
        2.062662363052368,
        2.6631052494049072,
        2.153958320617676,
        2.6853065490722656,
        4.208006381988525,
        3.635185956954956,
        3.378922700881958,
        3.702054500579834,
        3.422746181488037,
        3.930671215057373
    ],
    "is_suc": 0,
    "now_seed": 200017
}