{
    "norm": [
        0.47426629066467285,
        3.451955795288086,
        3.419158935546875,
        3.587843418121338,
        3.1949431896209717,
        3.225020170211792,
        3.3193860054016113,
        3.445960760116577,
        3.4259724617004395,
        3.317490577697754,
        3.464568614959717,
        3.3170888423919678,
        3.3708009719848633,
        3.4215445518493652,
        3.4047024250030518,
        3.691786766052246,
        3.305748462677002,
        3.4452357292175293,
        3.3492400646209717,
        3.2100448608398438
    ],
    "is_suc": 0,
    "now_seed": 200001
}