{
    "norm": [
        0.5860922932624817,
        3.6991684436798096,
        3.6533005237579346,
        3.5581421852111816,
        3.036652088165283,
        3.092057466506958,
        3.6998109817504883,
        3.8702125549316406,
        3.524764060974121,
        3.9465885162353516,
        3.227634906768799,
        3.647207260131836,
        3.6047632694244385,
        3.046983003616333,
        3.00705885887146
    ],
    "is_suc": 1,
    "now_seed": 200012
}