{
    "norm": [
        0.4999068081378937,
        3.2428908348083496,
        3.4903788566589355,
        3.48987078666687,
        3.224719762802124,
        3.000440835952759,
        3.439417600631714,
        3.87262225151062,
        3.7580413818359375,
        4.1928534507751465,
        2.320133924484253,
        2.7509801387786865,
        3.4694156646728516,
        3.012085199356079,
        2.863424062728882
    ],
    "is_suc": 1,
    "now_seed": 200008
}