{
    "norm": [
        0.775691032409668,
        3.2361867427825928,
        2.249356985092163,
        2.323352575302124,
        2.8376452922821045,
        2.6376821994781494,
        3.365142583847046,
        3.740321159362793,
        2.9051401615142822,
        2.962585687637329,
        4.865794658660889,
        3.803438901901245,
        3.76462459564209,
        3.3736681938171387,
        3.194977045059204,
        3.482184886932373,
        3.541468381881714,
        3.992164134979248,
        3.9727396965026855,
        3.7933974266052246
    ],
    "is_suc": 0,
    "now_seed": 200019
}