{
    "norm": [
        0.7367433309555054,
        0.578635573387146,
        0.5076317191123962,
        0.44323667883872986,
        0.7143638730049133
    ],
    "is_suc": 0,
    "now_seed": 200019
}