{
    "norm": [
        0.5790111422538757,
        0.7064159512519836,
        0.6893385052680969,
        0.6293385028839111,
        0.46844640374183655,
        0.38866522908210754
    ],
    "is_suc": 1,
    "now_seed": 200009
}