{
    "norm": [
        0.7511430382728577,
        0.5399964451789856,
        0.7707412242889404,
        0.7342984080314636,
        0.6662140488624573,
        0.7260600328445435,
        0.6220391988754272,
        0.5875387191772461,
        0.5597312450408936,
        0.5749654769897461,
        0.5651147365570068,
        0.5623569488525391,
        0.5532363057136536,
        0.5530760288238525
    ],
    "is_suc": 0,
    "now_seed": 200002
}