{
    "norm": [
        0.774003267288208,
        0.5329552888870239,
        0.5430930852890015,
        0.6080270409584045,
        0.3553888499736786
    ],
    "is_suc": 0,
    "now_seed": 200013
}