{
    "norm": [
        0.623177170753479,
        0.564954936504364,
        0.5542907118797302,
        0.4239196181297302,
        0.43544191122055054,
        0.5566293001174927
    ],
    "is_suc": 1,
    "now_seed": 200000
}