{
    "norm": [
        0.6782774329185486,
        0.5364867448806763,
        0.2048267275094986,
        0.44102388620376587,
        0.7668842077255249
    ],
    "is_suc": 0,
    "now_seed": 200014
}