{
    "norm": [
        0.5938671827316284,
        0.5257344841957092,
        0.6399132609367371,
        0.4742621183395386,
        0.4026433229446411,
        0.4431048631668091
    ],
    "is_suc": 1,
    "now_seed": 200012
}