{
    "norm": [
        0.581475019454956,
        0.7411339282989502,
        0.6432433724403381,
        0.5331878066062927,
        0.506284773349762,
        0.6295101642608643
    ],
    "is_suc": 1,
    "now_seed": 200016
}