{
    "norm": [
        0.6221999526023865,
        0.637145459651947,
        0.6597284078598022,
        0.5777042508125305,
        0.4211254119873047,
        0.5180057287216187,
        0.4861500561237335,
        0.4671710729598999,
        0.43624424934387207,
        0.4230279326438904,
        0.41048645973205566,
        0.41320064663887024,
        0.409240186214447,
        0.400635689496994
    ],
    "is_suc": 0,
    "now_seed": 200018
}