{
    "norm": [
        0.564918577671051,
        0.6317362189292908,
        0.4644184112548828,
        0.4206666946411133,
        0.524416446685791,
        0.41642189025878906
    ],
    "is_suc": 1,
    "now_seed": 200015
}