{
    "norm": [
        0.6279295682907104,
        0.5746454000473022,
        0.2910957932472229,
        0.46267345547676086,
        0.5514988899230957
    ],
    "is_suc": 0,
    "now_seed": 200007
}