{
    "norm": [
        0.5847471952438354,
        0.5709837079048157,
        0.663277268409729,
        0.6126300692558289,
        0.5593221783638,
        0.30950891971588135
    ],
    "is_suc": 1,
    "now_seed": 200011
}