{
    "norm": [
        0.7984655499458313,
        0.5246713161468506,
        0.5799475312232971,
        0.5008474588394165,
        0.4237743020057678,
        0.5674264430999756
    ],
    "is_suc": 1,
    "now_seed": 200003
}