{
    "norm": [
        0.5973584055900574,
        0.5133824944496155,
        0.6150127053260803,
        0.4998883306980133,
        0.4706666171550751,
        0.35375505685806274
    ],
    "is_suc": 1,
    "now_seed": 200004
}