{
    "norm": [
        0.6144400835037231,
        0.6300423741340637,
        0.4911417067050934,
        0.5652970671653748,
        0.5017457604408264
    ],
    "is_suc": 0,
    "now_seed": 200008
}