{
    "norm": [
        0.6166566610336304,
        0.5750884413719177,
        0.6920017600059509,
        0.6447457671165466,
        0.4056911766529083,
        0.6917957067489624
    ],
    "is_suc": 1,
    "now_seed": 200005
}