{
    "norm": [
        0.590388298034668,
        0.7579503059387207,
        0.6408432126045227,
        0.6447916626930237,
        0.7495939135551453,
        0.6735624670982361
    ],
    "is_suc": 1,
    "now_seed": 200001
}