{
    "norm": [
        0.72911137342453,
        0.4741903245449066,
        0.31696292757987976,
        0.5858665704727173,
        0.6137852668762207
    ],
    "is_suc": 0,
    "now_seed": 200010
}