{
    "norm": [
        0.6938953399658203,
        0.49858415126800537,
        0.3143296241760254,
        0.3490433990955353,
        0.5068506598472595,
        0.6656352281570435,
        0.4839809536933899,
        0.4495258033275604,
        0.46977078914642334,
        0.4441549479961395,
        0.44602200388908386,
        0.4888552725315094,
        0.46347522735595703,
        0.5192898511886597
    ],
    "is_suc": 0,
    "now_seed": 200017
}