{
    "norm": [
        0.5691561698913574,
        0.6913707256317139,
        0.6741383671760559,
        0.682637095451355,
        0.45422011613845825,
        0.32972878217697144
    ],
    "is_suc": 1,
    "now_seed": 200006
}