{
    "norm": [
        0.8325345516204834,
        4.0867767333984375,
        4.036122798919678,
        4.078258991241455,
        4.565078258514404,
        4.504518508911133
    ],
    "is_suc": 1,
    "now_seed": 200015
}