{
    "norm": [
        0.705324649810791,
        3.899595260620117,
        3.795273542404175,
        4.050020217895508,
        4.149570465087891,
        4.225672721862793,
        4.899814128875732,
        4.554490566253662,
        4.671775817871094,
        4.678122043609619,
        4.689385890960693,
        4.560790061950684,
        4.472874641418457,
        4.578277111053467
    ],
    "is_suc": 0,
    "now_seed": 200018
}