{
    "norm": [
        0.6577536463737488,
        3.741708278656006,
        3.733752965927124,
        4.138650894165039,
        4.57042932510376,
        4.886751174926758
    ],
    "is_suc": 1,
    "now_seed": 200000
}