{
    "norm": [
        0.9709604978561401,
        3.9460580348968506,
        4.295979022979736,
        4.166635513305664,
        4.6364641189575195,
        4.604373931884766
    ],
    "is_suc": 1,
    "now_seed": 200006
}