{
    "norm": [
        0.9091575741767883,
        3.5570924282073975,
        4.013908863067627,
        4.225667953491211,
        4.452387809753418,
        4.6500725746154785
    ],
    "is_suc": 1,
    "now_seed": 200009
}