{
    "norm": [
        0.6428331136703491,
        3.534980058670044,
        3.2557308673858643,
        3.435359001159668,
        3.5268373489379883
    ],
    "is_suc": 0,
    "now_seed": 200010
}