{
    "norm": [
        0.3828295171260834,
        3.6745073795318604,
        3.606044054031372,
        3.6703217029571533,
        3.990525245666504,
        4.1474761962890625,
        5.0611572265625,
        4.525661945343018,
        4.209484577178955,
        4.9490437507629395,
        4.867929458618164,
        4.432631969451904,
        4.794357776641846,
        4.7109599113464355
    ],
    "is_suc": 0,
    "now_seed": 200017
}