{
    "norm": [
        0.6254784464836121,
        3.3196353912353516,
        3.5177416801452637,
        3.416334629058838,
        3.9413795471191406,
        4.540643692016602,
        4.853687763214111,
        4.413064479827881,
        4.931656837463379,
        4.553842544555664,
        4.522519588470459,
        4.678011894226074,
        4.308287620544434,
        4.524001121520996
    ],
    "is_suc": 0,
    "now_seed": 200002
}