{
    "norm": [
        1.0814765691757202,
        3.9102513790130615,
        4.404275417327881,
        4.348232269287109,
        4.724491119384766,
        4.784450054168701
    ],
    "is_suc": 1,
    "now_seed": 200001
}