{
    "norm": [
        0.5321161150932312,
        2.8095178604125977,
        3.1083648204803467,
        3.1370880603790283,
        3.8342487812042236,
        3.9157559871673584
    ],
    "is_suc": 1,
    "now_seed": 200003
}