{
    "norm": [
        0.43244901299476624,
        3.9658701419830322,
        4.271941184997559,
        4.188040256500244,
        4.105379581451416
    ],
    "is_suc": 0,
    "now_seed": 200008
}