{
    "norm": [
        1.017242193222046,
        3.495166063308716,
        3.770646810531616,
        3.7239482402801514,
        4.123570442199707
    ],
    "is_suc": 0,
    "now_seed": 200019
}