{
    "norm": [
        0.9415556788444519,
        3.2990477085113525,
        3.0840396881103516,
        3.371063470840454,
        3.2404727935791016
    ],
    "is_suc": 0,
    "now_seed": 200013
}