{
    "norm": [
        0.5393210649490356,
        3.939775228500366,
        3.987227439880371,
        3.81149959564209,
        4.458452224731445,
        4.912054538726807
    ],
    "is_suc": 1,
    "now_seed": 200012
}