{
    "norm": [
        0.9527549743652344,
        3.7985219955444336,
        4.149221420288086,
        4.3402252197265625,
        4.595001220703125,
        4.5882487297058105
    ],
    "is_suc": 1,
    "now_seed": 200016
}