{
    "norm": [
        0.8552165627479553,
        3.851651906967163,
        3.7924392223358154,
        3.800593614578247,
        3.5540623664855957
    ],
    "is_suc": 0,
    "now_seed": 200014
}