{
    "norm": [
        0.8165152668952942,
        3.2126221656799316,
        3.7081258296966553,
        4.195889472961426,
        4.7313313484191895,
        4.612199306488037
    ],
    "is_suc": 1,
    "now_seed": 200004
}