{
    "norm": [
        0.8493719100952148,
        4.002197742462158,
        3.8448081016540527,
        3.873328447341919,
        4.65032434463501,
        4.678652286529541
    ],
    "is_suc": 1,
    "now_seed": 200011
}