{
    "norm": [
        0.6942948698997498,
        3.794105291366577,
        4.0041656494140625,
        4.107369899749756,
        4.356805324554443,
        4.366306304931641
    ],
    "is_suc": 1,
    "now_seed": 200005
}