{
    "norm": [
        0.7525487542152405,
        3.7391576766967773,
        3.8023290634155273,
        3.6191985607147217,
        3.658978223800659
    ],
    "is_suc": 0,
    "now_seed": 200007
}