{
    "norm": [
        0.434139221906662,
        0.2635801136493683,
        0.45455804467201233,
        0.3088746666908264,
        0.3016512989997864,
        0.20340438187122345,
        0.28640761971473694,
        0.22486872971057892,
        0.28966018557548523,
        0.2811536490917206,
        0.3517332673072815,
        0.3387807309627533,
        0.23973822593688965,
        0.2756079435348511
    ],
    "is_suc": 1,
    "now_seed": 200004
}