{
    "norm": [
        0.4011514186859131,
        0.25262022018432617,
        0.4869876801967621,
        0.36802569031715393,
        0.3130881190299988,
        0.24123665690422058,
        0.29804089665412903,
        0.2142275720834732,
        0.2870256304740906,
        0.26263266801834106,
        0.3694777488708496,
        0.3269146978855133,
        0.23805169761180878,
        0.2774783670902252,
        0.19996050000190735,
        0.22116948664188385,
        0.19896134734153748,
        0.22951538860797882,
        0.2244551181793213,
        0.23812276124954224
    ],
    "is_suc": 0,
    "now_seed": 200018
}