{
    "norm": [
        0.455659955739975,
        0.2835657000541687,
        0.47499987483024597,
        0.3593819737434387,
        0.31736236810684204,
        0.2634846568107605,
        0.31650322675704956,
        0.17930154502391815,
        0.25705504417419434,
        0.28427958488464355,
        0.3536897599697113,
        0.3042389452457428,
        0.23032982647418976
    ],
    "is_suc": 1,
    "now_seed": 200012
}