{
    "norm": [
        0.33552148938179016,
        0.3310891389846802,
        0.45208272337913513,
        0.4182128608226776,
        0.3369264602661133,
        0.2663191854953766,
        0.30175742506980896,
        0.2267604023218155,
        0.2904761731624603,
        0.27814480662345886,
        0.3407103419303894,
        0.3520857095718384,
        0.2475791722536087,
        0.2868688404560089
    ],
    "is_suc": 1,
    "now_seed": 200003
}