{
    "norm": [
        0.41873255372047424,
        0.25121060013771057,
        0.21696501970291138,
        0.2553856074810028,
        0.2391010820865631,
        0.2330804467201233,
        0.2847093343734741,
        0.19309858977794647,
        0.26402297616004944,
        0.28352484107017517,
        0.35687872767448425,
        0.31007206439971924,
        0.23417724668979645,
        0.2870972156524658
    ],
    "is_suc": 1,
    "now_seed": 200007
}