{
    "norm": [
        0.3118070065975189,
        0.28373661637306213,
        0.4015688896179199,
        0.3725799024105072,
        0.3111191391944885,
        0.22782334685325623,
        0.26614004373550415,
        0.20456762611865997,
        0.24794456362724304,
        0.23617218434810638,
        0.3809708058834076
    ],
    "is_suc": 0,
    "now_seed": 200013
}