{
    "norm": [
        0.43165603280067444,
        0.2563329339027405,
        0.51800936460495,
        0.37666675448417664,
        0.3416253924369812,
        0.2307286411523819,
        0.294595867395401,
        0.21875755488872528,
        0.2901669442653656,
        0.26864802837371826,
        0.3558269739151001,
        0.3515530526638031,
        0.23187561333179474,
        0.29829344153404236
    ],
    "is_suc": 1,
    "now_seed": 200005
}