{
    "norm": [
        0.46489405632019043,
        0.31151920557022095,
        0.3954758048057556,
        0.32528242468833923,
        0.2826000452041626,
        0.2594669759273529,
        0.29720550775527954,
        0.2203987091779709,
        0.22867348790168762,
        0.28165411949157715,
        0.33867597579956055,
        0.3390961289405823,
        0.261187344789505,
        0.25366783142089844
    ],
    "is_suc": 1,
    "now_seed": 200015
}