{
    "norm": [
        0.4421536326408386,
        0.2934594750404358,
        0.57490074634552,
        0.43972906470298767,
        0.3985217809677124,
        0.29241466522216797,
        0.31641167402267456,
        0.19310490787029266,
        0.2856491208076477,
        0.27390140295028687,
        0.3592504858970642,
        0.3382999002933502,
        0.2424699366092682,
        0.28472164273262024
    ],
    "is_suc": 1,
    "now_seed": 200001
}