{
    "norm": [
        0.4439242482185364,
        0.3070603311061859,
        0.4758147895336151
    ],
    "is_suc": 0,
    "now_seed": 200016
}