{
    "norm": [
        0.3223380446434021,
        0.3590541183948517,
        0.5584949851036072,
        0.5005884766578674,
        0.3917013108730316,
        0.3572066128253937,
        0.3503856062889099,
        0.21879953145980835,
        0.2859898805618286,
        0.2801773250102997,
        0.3786710500717163,
        0.3674921691417694,
        0.2438938468694687,
        0.26684489846229553,
        0.21325771510601044,
        0.2349349707365036,
        0.20995952188968658,
        0.23682525753974915,
        0.22573614120483398,
        0.2502654790878296
    ],
    "is_suc": 0,
    "now_seed": 200002
}