{
    "norm": [
        0.4630904495716095,
        0.324067622423172,
        0.41444075107574463,
        0.28886181116104126,
        0.2937115430831909,
        0.255393385887146,
        0.3370404839515686,
        0.2165934145450592,
        0.26878610253334045,
        0.29200121760368347,
        0.37386876344680786,
        0.35190892219543457,
        0.25989943742752075,
        0.27390915155410767
    ],
    "is_suc": 1,
    "now_seed": 200008
}