{
    "norm": [
        0.44244617223739624,
        0.30123183131217957,
        0.5269415378570557,
        0.4611095190048218,
        0.3719278573989868,
        0.2911275029182434,
        0.26636242866516113,
        0.2634529173374176,
        0.23658487200737,
        0.32940518856048584,
        0.2788050174713135,
        0.36297446489334106,
        0.3671419322490692,
        0.252315878868103,
        0.2982427477836609,
        0.21620497107505798,
        0.2221100628376007,
        0.18527677655220032,
        0.20120899379253387,
        0.1925850510597229
    ],
    "is_suc": 0,
    "now_seed": 200009
}