{
    "norm": [
        0.4241102635860443,
        0.30266937613487244,
        0.5799171328544617,
        0.4655209481716156,
        0.39213722944259644,
        0.29451417922973633,
        0.3249766528606415,
        0.2224319726228714,
        0.2910204231739044,
        0.2890482246875763,
        0.36591264605522156,
        0.35257643461227417,
        0.258699506521225,
        0.27406224608421326,
        0.243403822183609,
        0.2649850845336914,
        0.19821485877037048,
        0.2318674474954605,
        0.19958414137363434,
        0.24273377656936646
    ],
    "is_suc": 0,
    "now_seed": 200006
}