{
    "norm": [
        0.34741684794425964,
        0.25761058926582336,
        0.20759284496307373,
        0.2918981611728668,
        0.2765989899635315,
        0.20188549160957336,
        0.2698456645011902,
        0.22224777936935425,
        0.22788287699222565,
        0.2580014169216156,
        0.3445592522621155
    ],
    "is_suc": 0,
    "now_seed": 200019
}