{
    "norm": [
        0.4289175271987915,
        0.27800944447517395,
        0.55252605676651,
        0.43376266956329346,
        0.3706470727920532,
        0.2511526644229889,
        0.3059188425540924,
        0.219685360789299,
        0.28503888845443726,
        0.27910923957824707,
        0.36047062277793884,
        0.33553609251976013,
        0.23872148990631104,
        0.28801971673965454
    ],
    "is_suc": 1,
    "now_seed": 200011
}