{
    "norm": [
        0.35486605763435364,
        0.26161882281303406,
        0.4249921441078186,
        0.36444157361984253,
        0.37313008308410645,
        0.37628528475761414,
        0.27471551299095154,
        0.23451511561870575,
        0.21084357798099518,
        0.2812853157520294,
        0.3700307309627533,
        0.3479310870170593,
        0.24738022685050964,
        0.2639677822589874
    ],
    "is_suc": 1,
    "now_seed": 200010
}