{
    "norm": [
        0.38041603565216064,
        0.25676214694976807,
        0.38999029994010925,
        0.3746229410171509,
        0.3689591884613037,
        0.3166423439979553,
        0.29566994309425354,
        0.21440142393112183,
        0.23337513208389282,
        0.2895175814628601,
        0.35463109612464905,
        0.3172607123851776,
        0.2414826899766922,
        0.25689658522605896
    ],
    "is_suc": 1,
    "now_seed": 200014
}