{
    "norm": [
        0.44230493903160095,
        0.26862335205078125,
        0.4392378032207489,
        0.3106420040130615,
        0.2964352071285248,
        0.19302257895469666,
        0.2753209173679352,
        0.2216300517320633,
        0.2834330201148987,
        0.2708671987056732,
        0.3572407364845276,
        0.32537269592285156,
        0.24158693850040436,
        0.28426459431648254
    ],
    "is_suc": 1,
    "now_seed": 200000
}