{
    "norm": [
        0.3718142807483673,
        0.25546467304229736,
        0.20489449799060822,
        0.25940820574760437,
        0.2641582190990448,
        0.19260738790035248,
        0.27130380272865295,
        0.207598477602005,
        0.27177196741104126,
        0.3036321699619293,
        0.37095779180526733,
        0.2976972460746765,
        0.22750738263130188,
        0.2824314534664154
    ],
    "is_suc": 1,
    "now_seed": 200017
}