{
    "norm": [
        0.4870627224445343,
        3.646548271179199,
        2.055581569671631,
        2.579401731491089,
        2.807063102722168,
        3.6406702995300293,
        3.6904056072235107,
        2.846109390258789,
        3.0164883136749268,
        5.22565221786499,
        3.552638292312622,
        3.6402831077575684,
        3.2921860218048096,
        3.535364866256714,
        3.3531839847564697,
        3.4922711849212646,
        4.093618869781494,
        3.8082878589630127,
        3.525954246520996,
        3.5390000343322754
    ],
    "is_suc": 0,
    "now_seed": 200019
}