{
    "norm": [
        0.5155031681060791,
        3.564777135848999,
        3.6545093059539795,
        3.6407411098480225,
        3.2006430625915527,
        3.1158854961395264,
        3.2108688354492188,
        3.3871190547943115,
        3.413329839706421,
        3.4218876361846924,
        3.828019857406616,
        3.504398822784424,
        3.5853374004364014,
        3.338224411010742,
        3.4968044757843018,
        3.2109572887420654,
        3.1898343563079834,
        3.2120237350463867,
        3.308793067932129,
        3.502028226852417
    ],
    "is_suc": 0,
    "now_seed": 200015
}