{
    "norm": [
        0.5386492609977722,
        3.0573933124542236,
        3.333012104034424,
        3.5603187084198,
        3.4638357162475586,
        3.741576671600342,
        3.305851459503174,
        3.505690097808838,
        3.0397331714630127,
        3.1810779571533203,
        3.5833325386047363,
        3.0310866832733154,
        3.40356183052063,
        3.084651231765747,
        3.260702610015869,
        3.412083387374878,
        3.4331254959106445,
        2.8671228885650635,
        3.0355401039123535,
        3.4113543033599854
    ],
    "is_suc": 0,
    "now_seed": 200003
}