{
    "norm": [
        0.3917600214481354,
        3.2679481506347656,
        3.6830365657806396,
        3.623833417892456,
        3.225188732147217,
        3.117396116256714,
        3.3992302417755127,
        3.314164876937866,
        3.2236688137054443,
        3.390376091003418,
        3.262308359146118,
        3.559856414794922,
        3.7948007583618164,
        3.587313413619995,
        3.3971517086029053,
        3.65116810798645,
        3.211254358291626,
        3.3262391090393066,
        3.1020920276641846,
        3.2732934951782227
    ],
    "is_suc": 0,
    "now_seed": 200000
}