{
    "norm": [
        0.44423148036003113,
        2.9930403232574463,
        2.835679292678833,
        3.054598569869995,
        3.12453293800354,
        3.294551134109497,
        3.6428382396698,
        2.3600828647613525,
        2.9679741859436035,
        4.744296550750732,
        3.6616010665893555,
        3.8253419399261475,
        3.3417136669158936,
        3.2242887020111084,
        3.3345212936401367,
        3.808553457260132,
        3.6728501319885254,
        3.751112937927246,
        3.619457244873047,
        3.363236665725708
    ],
    "is_suc": 0,
    "now_seed": 200013
}