{
    "norm": [
        0.5625810623168945,
        3.645400285720825,
        3.4594550132751465,
        3.5298233032226562,
        3.180294990539551,
        3.207089900970459,
        3.383572816848755,
        3.541182041168213,
        3.695396900177002,
        3.9723238945007324,
        2.713404893875122,
        2.702582836151123,
        3.443331480026245,
        3.1130197048187256,
        3.5954654216766357,
        3.2481586933135986,
        3.1041879653930664,
        3.177985906600952,
        3.040938377380371,
        3.780125617980957
    ],
    "is_suc": 0,
    "now_seed": 200018
}