{
    "norm": [
        0.4293844699859619,
        3.898132562637329,
        3.5759711265563965,
        3.6018145084381104,
        3.3335397243499756,
        3.184880495071411,
        3.157457113265991,
        3.2029380798339844,
        3.339000701904297,
        3.125288486480713,
        3.220745086669922,
        3.694136619567871,
        3.508161783218384,
        3.2469265460968018,
        3.5775065422058105,
        3.6282413005828857,
        3.2353878021240234,
        3.6469552516937256,
        3.332289457321167,
        3.486100196838379
    ],
    "is_suc": 0,
    "now_seed": 200005
}