{
    "norm": [
        0.8261899948120117,
        3.43245267868042,
        3.0857207775115967,
        3.255614757537842,
        3.432401180267334,
        3.1770501136779785,
        3.009908437728882,
        3.0063998699188232,
        2.9543263912200928,
        3.292834758758545,
        3.6130731105804443,
        3.5951876640319824,
        3.0595555305480957,
        3.2083637714385986,
        3.533134937286377,
        3.7578423023223877,
        3.432410717010498,
        3.5009138584136963,
        3.4188289642333984,
        3.2321982383728027
    ],
    "is_suc": 0,
    "now_seed": 200007
}