{
    "norm": [
        0.37202727794647217,
        3.6507081985473633,
        3.5980312824249268,
        3.835353374481201,
        3.0791497230529785,
        3.0752501487731934,
        3.3260796070098877,
        3.8431289196014404,
        3.7057366371154785,
        3.3146753311157227,
        2.710609197616577,
        3.392108201980591,
        3.390568971633911,
        2.9935479164123535,
        2.8272557258605957,
        3.4034337997436523,
        2.7849743366241455,
        3.04935884475708,
        3.022368907928467,
        2.884129285812378
    ],
    "is_suc": 0,
    "now_seed": 200011
}