{
    "norm": [
        0.516223132610321,
        3.4503703117370605,
        3.757401466369629,
        4.0665764808654785,
        3.3654322624206543,
        3.4634878635406494,
        3.616828203201294,
        3.4760663509368896,
        3.4407739639282227,
        3.836083173751831,
        3.47686505317688,
        2.775613784790039,
        3.0329909324645996,
        3.633455753326416,
        3.698184013366699,
        3.3923163414001465,
        3.343388795852661,
        3.488529682159424,
        3.3529977798461914,
        3.5128684043884277
    ],
    "is_suc": 0,
    "now_seed": 200014
}