{
    "norm": [
        0.532587468624115,
        3.5958921909332275,
        3.629803419113159,
        3.644620656967163,
        3.5524535179138184,
        3.2639968395233154,
        3.2826220989227295,
        3.357785701751709,
        3.393850088119507,
        3.574939250946045,
        3.232156991958618,
        3.489220142364502,
        3.256701707839966,
        3.2910001277923584,
        3.4756181240081787,
        3.399313449859619,
        3.340533494949341,
        3.1279704570770264,
        3.659884214401245,
        3.3776636123657227
    ],
    "is_suc": 0,
    "now_seed": 200001
}