{
    "norm": [
        0.6144012212753296,
        3.5449421405792236,
        3.5608983039855957,
        3.607295274734497,
        3.3041508197784424,
        3.1239607334136963,
        3.4475533962249756,
        3.2946252822875977,
        3.843491792678833,
        3.6095101833343506,
        3.902879476547241,
        3.186567544937134,
        2.693331003189087,
        3.2902140617370605,
        3.61608624458313,
        3.628810405731201,
        3.21047306060791,
        2.9364683628082275,
        3.567932605743408,
        4.286680698394775
    ],
    "is_suc": 0,
    "now_seed": 200012
}