{
    "norm": [
        0.5683282017707825,
        2.5146403312683105,
        3.0686111450195312,
        3.6452033519744873,
        3.195267915725708,
        3.9677038192749023,
        3.5859954357147217,
        3.3180603981018066,
        3.6488301753997803,
        3.4505531787872314,
        3.3834004402160645,
        3.2922415733337402,
        3.1618757247924805,
        3.0524065494537354,
        3.38427734375,
        3.239217519760132,
        3.6881306171417236,
        3.05857515335083,
        3.6456563472747803,
        2.794009208679199
    ],
    "is_suc": 0,
    "now_seed": 200004
}