{
    "norm": [
        0.7506663799285889,
        2.658050537109375,
        2.594963312149048,
        2.7845122814178467,
        2.8794593811035156,
        3.353868007659912,
        3.3844525814056396,
        2.8783795833587646,
        2.995972156524658,
        5.098267555236816,
        3.801581382751465,
        3.826190948486328,
        3.488208532333374,
        3.270632028579712,
        3.562091827392578,
        3.65767240524292,
        4.007457256317139,
        3.723203659057617,
        3.718977451324463,
        4.0416646003723145
    ],
    "is_suc": 0,
    "now_seed": 200010
}