{
    "norm": [
        0.4468080699443817,
        3.362473249435425,
        3.564579725265503,
        3.362180233001709,
        3.4444315433502197,
        3.1062872409820557,
        3.2159180641174316,
        3.182884931564331,
        3.4672601222991943,
        3.2857251167297363,
        3.2879650592803955,
        3.6641929149627686,
        3.218233346939087,
        3.248927116394043,
        3.2135541439056396,
        3.411984920501709,
        3.7148752212524414,
        3.5855133533477783,
        3.5931081771850586,
        3.5683398246765137
    ],
    "is_suc": 0,
    "now_seed": 200008
}