{
    "norm": [
        0.558367908000946,
        3.6171796321868896,
        3.9911551475524902,
        4.166159152984619,
        3.9487898349761963,
        3.764876127243042,
        3.5058624744415283,
        3.424623727798462,
        3.841618061065674,
        3.8912694454193115,
        3.1521387100219727,
        3.1183383464813232,
        4.277655124664307,
        3.6862680912017822,
        4.428435802459717,
        3.327052354812622,
        3.3522729873657227,
        3.0272233486175537,
        4.692210674285889,
        3.6083903312683105
    ],
    "is_suc": 0,
    "now_seed": 200009
}