{
    "norm": [
        0.43766847252845764,
        3.7066211700439453,
        3.382222890853882,
        3.4693586826324463,
        3.184887409210205,
        3.5046470165252686,
        3.230414867401123,
        3.3307530879974365,
        3.471113920211792,
        3.7951364517211914,
        3.7355921268463135,
        2.947807788848877,
        2.98507022857666,
        3.7383475303649902,
        3.368870258331299,
        3.625810384750366,
        3.9959449768066406,
        3.9261269569396973,
        3.3763935565948486,
        3.6163151264190674
    ],
    "is_suc": 0,
    "now_seed": 200016
}