{
    "norm": [
        0.4775504469871521,
        3.180879831314087,
        2.3968234062194824,
        1.8140441179275513,
        2.368723154067993,
        3.338449716567993,
        3.468024492263794,
        2.8927431106567383,
        3.005377769470215,
        5.057153224945068,
        3.8458516597747803,
        3.8043503761291504,
        3.2481307983398438,
        3.291849374771118,
        3.602918863296509,
        3.3081796169281006,
        3.5826315879821777,
        3.5527262687683105,
        3.530852794647217,
        3.4654297828674316
    ],
    "is_suc": 0,
    "now_seed": 200017
}