{
    "norm": [
        0.7190816402435303,
        3.0142765045166016,
        2.2501606941223145,
        2.2480642795562744,
        2.680086135864258,
        2.686302661895752,
        3.6716184616088867,
        3.3915770053863525,
        2.6424427032470703,
        3.337625503540039,
        5.148168563842773,
        3.563023090362549,
        3.3717153072357178,
        3.0711746215820312,
        3.424805164337158,
        3.3795883655548096
    ],
    "is_suc": 1,
    "now_seed": 200006
}