{
    "norm": [
        0.557702362537384,
        3.105203628540039,
        2.9900712966918945,
        2.9662179946899414,
        3.3505940437316895,
        3.298640727996826,
        3.2758591175079346,
        3.8131275177001953,
        3.3703696727752686,
        4.005639553070068,
        3.1133382320404053,
        3.2810657024383545,
        3.202873468399048,
        3.1978299617767334,
        3.472852945327759,
        3.1500608921051025,
        3.470412492752075,
        3.5166945457458496,
        3.416973829269409,
        3.2170896530151367
    ],
    "is_suc": 0,
    "now_seed": 200002
}