{
    "norm": [
        0.39394164085388184,
        0.29957467317581177,
        0.41260918974876404,
        0.3807101249694824,
        0.3748264014720917,
        0.46691033244132996,
        0.4012054204940796,
        0.2154851257801056,
        0.3189224600791931,
        0.27649417519569397,
        0.27984699606895447,
        0.24083136022090912,
        0.25787070393562317,
        0.24265895783901215
    ],
    "is_suc": 1,
    "now_seed": 200015
}