{
    "norm": [
        0.5152526497840881,
        0.24760697782039642,
        0.37179622054100037,
        0.4744994342327118,
        0.3318004906177521,
        0.5649672150611877,
        0.37448686361312866,
        0.22655537724494934,
        0.29722467064857483,
        0.3035653829574585,
        0.2868332266807556,
        0.2055351734161377,
        0.2352369874715805,
        0.2608904540538788
    ],
    "is_suc": 1,
    "now_seed": 200014
}