{
    "norm": [
        0.39741823077201843,
        0.3056063652038574,
        0.3151025176048279,
        0.41013455390930176,
        0.4460811913013458,
        0.46913573145866394,
        0.32124063372612,
        0.3009398579597473,
        0.3371542692184448,
        0.3167570233345032,
        0.33545395731925964,
        0.27058103680610657,
        0.25612589716911316,
        0.2696743607521057,
        0.18885207176208496,
        0.23068636655807495,
        0.23201210796833038,
        0.24017786979675293,
        0.26315128803253174,
        0.25270164012908936
    ],
    "is_suc": 0,
    "now_seed": 200006
}