{
    "norm": [
        0.6060330867767334,
        0.3788434565067291,
        0.32228192687034607,
        0.43067803978919983,
        0.4947454035282135,
        0.5228301882743835,
        0.36239659786224365,
        0.2732881009578705,
        0.31140005588531494,
        0.28395384550094604,
        0.32303041219711304,
        0.3153659999370575,
        0.29570725560188293,
        0.28239741921424866,
        0.21761564910411835,
        0.22019657492637634,
        0.26073744893074036,
        0.24869436025619507,
        0.2804042100906372,
        0.264067143201828
    ],
    "is_suc": 0,
    "now_seed": 200002
}