{
    "norm": [
        0.3906807601451874,
        0.29183220863342285,
        0.3577621281147003
    ],
    "is_suc": 0,
    "now_seed": 200016
}