{
    "norm": [
        0.39709362387657166,
        0.3008739650249481,
        0.31862980127334595,
        0.42060768604278564,
        0.4526522755622864,
        0.4556562304496765,
        0.3123185932636261,
        0.30276811122894287,
        0.32112917304039,
        0.3000440001487732,
        0.28451600670814514,
        0.2818574607372284,
        0.30643266439437866,
        0.31754934787750244
    ],
    "is_suc": 1,
    "now_seed": 200001
}