{
    "norm": [
        0.39450201392173767,
        0.28720876574516296,
        0.35150861740112305,
        0.4126737713813782,
        0.3272000551223755,
        0.5040925145149231,
        0.2857644259929657,
        0.2669999897480011,
        0.2913670539855957,
        0.3055831491947174,
        0.2867671847343445,
        0.2609339654445648,
        0.2812046408653259,
        0.30503419041633606
    ],
    "is_suc": 1,
    "now_seed": 200000
}