{
    "norm": [
        0.38774752616882324,
        0.3066067695617676,
        0.4158986210823059,
        0.35882216691970825,
        0.3632718026638031,
        0.48850974440574646,
        0.3544960618019104,
        0.2700815498828888,
        0.32990801334381104,
        0.3008323907852173,
        0.3149097263813019,
        0.28460317850112915,
        0.28675487637519836,
        0.3012242317199707
    ],
    "is_suc": 1,
    "now_seed": 200008
}