{
    "norm": [
        0.6097227931022644,
        0.33057570457458496,
        0.3112315535545349,
        0.37717506289482117,
        0.3957231640815735,
        0.4933423101902008,
        0.3037891089916229,
        0.3028888404369354,
        0.30830737948417664,
        0.29622530937194824,
        0.3075173795223236,
        0.3183746933937073,
        0.2944461703300476,
        0.3190813660621643
    ],
    "is_suc": 1,
    "now_seed": 200003
}