{
    "norm": [
        0.3905915915966034,
        0.28846436738967896,
        0.303763210773468,
        0.4163409471511841,
        0.33477863669395447,
        0.49774038791656494,
        0.27688705921173096,
        0.28400835394859314,
        0.29816311597824097,
        0.3020135164260864,
        0.299798846244812,
        0.30831998586654663,
        0.27201589941978455,
        0.2701078951358795
    ],
    "is_suc": 1,
    "now_seed": 200004
}