{
    "norm": [
        0.40155965089797974,
        0.29471713304519653,
        0.2518397867679596,
        0.453151673078537,
        0.3773668110370636,
        0.4840261936187744,
        0.2780878245830536,
        0.2851450741291046,
        0.30455586314201355,
        0.30403921008110046,
        0.27053168416023254,
        0.3025093078613281,
        0.3123646080493927,
        0.2855559289455414
    ],
    "is_suc": 1,
    "now_seed": 200005
}