{
    "norm": [
        0.40367943048477173,
        0.31481465697288513,
        0.23681025207042694,
        0.4262892007827759,
        0.41802501678466797,
        0.481529176235199,
        0.29304590821266174,
        0.27470657229423523,
        0.2967011332511902,
        0.3129904270172119,
        0.30120280385017395,
        0.2768067419528961,
        0.2706071436405182,
        0.2686895430088043
    ],
    "is_suc": 1,
    "now_seed": 200011
}