{
    "norm": [
        0.39140594005584717,
        0.29428690671920776,
        0.3598191738128662,
        0.25174060463905334,
        0.43003329634666443,
        0.40832650661468506,
        0.4139164090156555,
        0.26688840985298157,
        0.3128942847251892,
        0.33509349822998047,
        0.34955576062202454,
        0.31977254152297974,
        0.30912941694259644,
        0.30201485753059387,
        0.30772775411605835,
        0.21923133730888367,
        0.23662520945072174,
        0.25020143389701843,
        0.25976213812828064,
        0.282986044883728
    ],
    "is_suc": 0,
    "now_seed": 200009
}