{
    "norm": [
        0.5292825698852539,
        0.2637084424495697,
        0.386756032705307,
        0.4818153381347656,
        0.40220868587493896,
        0.5678626298904419,
        0.39907634258270264,
        0.211807981133461,
        0.2909030318260193,
        0.2972518503665924,
        0.281035453081131,
        0.21601420640945435,
        0.23816335201263428,
        0.2236233800649643
    ],
    "is_suc": 1,
    "now_seed": 200010
}