{
    "norm": [
        0.571550726890564,
        0.26019248366355896,
        0.25348249077796936,
        0.3268510401248932,
        0.3729161024093628,
        0.5154642462730408,
        0.2733137011528015,
        0.2541266679763794,
        0.27232667803764343,
        0.3179206848144531,
        0.2501070201396942
    ],
    "is_suc": 0,
    "now_seed": 200019
}