{
    "norm": [
        0.4382774829864502,
        0.30296918749809265,
        0.1983347088098526,
        0.3814905285835266,
        0.38546669483184814,
        0.4871097505092621,
        0.2999735474586487,
        0.27272287011146545,
        0.2952653765678406,
        0.3103478252887726,
        0.2880668044090271,
        0.2537064552307129,
        0.2969094514846802,
        0.31267908215522766,
        0.21517473459243774,
        0.21876098215579987,
        0.24848006665706635,
        0.22566819190979004,
        0.27645888924598694,
        0.2689149081707001
    ],
    "is_suc": 0,
    "now_seed": 200018
}