{
    "norm": [
        0.5158766508102417,
        0.24420207738876343,
        0.20364408195018768,
        0.3126782476902008,
        0.3118233382701874,
        0.49647757411003113,
        0.28276726603507996,
        0.25652071833610535,
        0.30123987793922424,
        0.32160860300064087,
        0.2661699056625366,
        0.22844241559505463,
        0.271674245595932,
        0.28550371527671814
    ],
    "is_suc": 1,
    "now_seed": 200017
}