{
    "norm": [
        0.5677648782730103,
        0.29926738142967224,
        0.24429212510585785,
        0.34199607372283936,
        0.37474313378334045,
        0.4863320291042328,
        0.2670046389102936,
        0.2706754505634308,
        0.3013627529144287,
        0.2973639965057373,
        0.3304496109485626
    ],
    "is_suc": 0,
    "now_seed": 200013
}