{
    "norm": [
        0.4290856719017029,
        0.2299903929233551,
        0.34573203325271606,
        0.3103959858417511,
        0.26703664660453796,
        0.5100145936012268,
        0.3037245571613312,
        0.26875874400138855,
        0.3055233955383301,
        0.3103962540626526,
        0.2854279577732086,
        0.23800475895404816,
        0.2765933871269226,
        0.3097061812877655
    ],
    "is_suc": 1,
    "now_seed": 200007
}