{
    "norm": [
        0.3948705792427063,
        0.29609018564224243,
        0.3836260735988617,
        0.3827921152114868,
        0.41624173521995544,
        0.45860233902931213,
        0.3197510838508606,
        0.2691648304462433,
        0.3248196542263031,
        0.29390469193458557,
        0.28527969121932983,
        0.24390268325805664,
        0.30387094616889954
    ],
    "is_suc": 1,
    "now_seed": 200012
}