{
    "norm": [
        0.3479275107383728,
        0.32256683707237244,
        0.3510746955871582,
        0.28254348039627075,
        0.17993660271167755,
        0.21196261048316956,
        0.2771964967250824,
        0.22699621319770813,
        0.2730390727519989,
        0.43063193559646606,
        0.35401061177253723,
        0.2516528069972992
    ],
    "is_suc": 0,
    "now_seed": 200014
}