{
    "norm": [
        0.4026173949241638,
        0.352426677942276,
        0.28272169828414917,
        0.30301499366760254,
        0.19631940126419067,
        0.24835067987442017,
        0.2666184902191162,
        0.22999301552772522,
        0.34928426146507263,
        0.43488284945487976,
        0.4303824007511139,
        0.43782860040664673
    ],
    "is_suc": 0,
    "now_seed": 200011
}