{
    "norm": [
        0.44071874022483826,
        0.35273510217666626,
        0.46186545491218567,
        0.2970803380012512,
        0.41330891847610474,
        0.5690835118293762,
        0.40964823961257935,
        0.37991175055503845,
        0.23735015094280243
    ],
    "is_suc": 1,
    "now_seed": 200005
}