{
    "norm": [
        0.45468345284461975,
        0.2692108452320099,
        0.44476673007011414,
        0.30848804116249084,
        0.4455256760120392,
        0.4340912401676178,
        0.4464223384857178,
        0.2592068016529083
    ],
    "is_suc": 1,
    "now_seed": 200021
}