{
    "norm": [
        0.35599642992019653,
        0.3516739010810852,
        0.34714293479919434,
        0.2820292115211487,
        0.16509218513965607,
        0.1880866289138794,
        0.2742398679256439,
        0.2461806833744049,
        0.3186953365802765
    ],
    "is_suc": 1,
    "now_seed": 200017
}