{
    "norm": [
        0.3110834062099457,
        0.2610095739364624,
        0.3122272491455078,
        0.3028208911418915,
        0.31382042169570923,
        0.41345131397247314,
        0.23646213114261627,
        0.2879415452480316,
        0.5154293775558472,
        0.499833881855011,
        0.5502316355705261,
        0.6047321557998657
    ],
    "is_suc": 0,
    "now_seed": 200016
}