{
    "norm": [
        0.3450222611427307,
        0.2636859118938446,
        0.30287671089172363,
        0.2771782875061035,
        0.20598948001861572,
        0.2673567831516266,
        0.2758466303348541,
        0.2873571217060089,
        0.3371146023273468
    ],
    "is_suc": 1,
    "now_seed": 200012
}