{
    "norm": [
        0.35510751605033875,
        0.3041650652885437,
        0.3314179480075836,
        0.4500412344932556,
        0.3492942750453949,
        0.4339454472064972,
        0.32279571890830994,
        0.38692688941955566
    ],
    "is_suc": 1,
    "now_seed": 200022
}