{
    "norm": [
        0.41664478182792664,
        0.4562540352344513,
        0.3527476191520691,
        0.29868125915527344,
        0.5314251184463501,
        0.3916029930114746,
        0.3492599129676819,
        0.40677523612976074
    ],
    "is_suc": 1,
    "now_seed": 200013
}