{
    "norm": [
        0.3262227475643158,
        0.2525596618652344,
        0.2504076361656189,
        0.3324452340602875,
        0.24432383477687836,
        0.277880996465683,
        0.28404566645622253,
        0.22552120685577393,
        0.21979880332946777
    ],
    "is_suc": 1,
    "now_seed": 200008
}