{
    "norm": [
        0.4080735445022583,
        0.44741833209991455,
        0.46091392636299133,
        0.3601415455341339,
        0.43847137689590454,
        0.608820915222168,
        0.4141201972961426,
        0.34158027172088623,
        0.40881240367889404
    ],
    "is_suc": 1,
    "now_seed": 200010
}