{
    "norm": [
        0.3207540810108185,
        0.24218985438346863,
        0.2598060667514801,
        0.2661008834838867,
        0.24320656061172485,
        0.23210738599300385,
        0.24546489119529724,
        0.20984722673892975,
        0.45911267399787903
    ],
    "is_suc": 1,
    "now_seed": 200015
}