{
    "norm": [
        0.3803945779800415,
        0.32044917345046997,
        0.2790231704711914,
        0.2983511686325073,
        0.20894800126552582,
        0.26647496223449707,
        0.25394290685653687,
        0.12257950752973557
    ],
    "is_suc": 1,
    "now_seed": 200006
}