{
    "norm": [
        0.45624247193336487,
        0.2817959785461426,
        0.4783284068107605,
        0.31014230847358704,
        0.4020114839076996,
        0.46380218863487244,
        0.3325735032558441,
        0.4432041347026825,
        0.16882647573947906,
        0.3983304500579834,
        0.2605412006378174,
        0.4083772301673889
    ],
    "is_suc": 0,
    "now_seed": 200019
}