{
    "norm": [
        0.3476668894290924,
        0.2705916464328766,
        0.27308642864227295,
        0.2587663233280182,
        0.2085919976234436,
        0.3215138614177704,
        0.24966345727443695,
        0.3287772834300995
    ],
    "is_suc": 1,
    "now_seed": 200001
}