{
    "norm": [
        0.47184643149375916,
        0.3387871980667114,
        0.39914098381996155,
        0.27453482151031494,
        0.3982229232788086,
        0.3802763521671295,
        0.32430166006088257,
        0.4241742789745331,
        0.2269195169210434,
        0.39491045475006104,
        0.3595214784145355,
        0.37754321098327637
    ],
    "is_suc": 0,
    "now_seed": 200004
}