{
    "norm": [
        0.3190011978149414,
        0.22924785315990448,
        0.27451926469802856,
        0.30696216225624084,
        0.19969995319843292,
        0.2105529010295868,
        0.24241550266742706,
        0.22469620406627655,
        0.44999852776527405
    ],
    "is_suc": 1,
    "now_seed": 200020
}