{
    "norm": [
        0.49269381165504456,
        0.4268733859062195,
        0.4601941406726837,
        0.4684373736381531,
        0.4824465811252594,
        0.37705516815185547,
        0.47642892599105835,
        0.15133632719516754,
        0.35403749346733093,
        0.23584793508052826,
        0.35618603229522705,
        0.47343549132347107
    ],
    "is_suc": 0,
    "now_seed": 200002
}