{
    "norm": [
        0.38225477933883667,
        0.3224843740463257,
        0.2533887028694153,
        0.26508456468582153,
        0.17705535888671875,
        0.2318991869688034,
        0.22762323915958405,
        0.2078268975019455,
        0.38894709944725037
    ],
    "is_suc": 1,
    "now_seed": 200000
}