{
    "norm": [
        0.3322124481201172,
        0.2639736235141754,
        0.30174821615219116,
        0.34544843435287476,
        0.30531835556030273,
        0.3163798153400421,
        0.23254483938217163,
        0.2067161500453949
    ],
    "is_suc": 1,
    "now_seed": 200009
}