{
    "norm": [
        0.7500481009483337,
        0.6647937297821045,
        0.587926983833313,
        0.5078544020652771,
        0.43694010376930237,
        0.3838886618614197,
        0.34222984313964844,
        0.2843712866306305,
        0.24017184972763062,
        0.2551845908164978,
        0.30924904346466064
    ],
    "is_suc": 1,
    "now_seed": 200000
}