{
    "norm": [
        1.0087103843688965,
        0.9135174751281738,
        0.8170416355133057,
        0.7193609476089478,
        0.636680543422699,
        0.5581046938896179,
        0.48660293221473694,
        0.41475844383239746,
        0.36389121413230896,
        0.33893078565597534,
        0.3239181935787201
    ],
    "is_suc": 1,
    "now_seed": 200000
}