{
    "norm": [
        0.7406072020530701,
        0.641541063785553,
        0.5566877126693726,
        0.4667677581310272,
        0.40889957547187805,
        0.36084994673728943,
        0.3312033712863922,
        0.30752232670783997,
        0.2831473648548126,
        0.260242223739624,
        0.2509593367576599
    ],
    "is_suc": 1,
    "now_seed": 200000
}