{
    "norm": [
        0.8186811804771423,
        0.7020188570022583,
        0.6009266376495361,
        0.5322738885879517,
        0.4836248755455017,
        0.42268097400665283,
        0.3496313691139221,
        0.287391722202301,
        0.23570246994495392,
        0.227859228849411,
        0.23669618368148804
    ],
    "is_suc": 1,
    "now_seed": 200000
}