{
    "norm": [
        0.7303627133369446,
        0.6978257298469543,
        0.6569111347198486,
        0.6020862460136414,
        0.532749593257904,
        0.4693733751773834,
        0.4034397304058075,
        0.3471013605594635,
        0.32102537155151367,
        0.31818094849586487,
        0.35345789790153503
    ],
    "is_suc": 1,
    "now_seed": 200000
}