{
    "norm": [
        1.1697407960891724,
        1.0850059986114502,
        0.9990009665489197,
        0.8625957369804382,
        0.7323444485664368,
        0.6210665106773376,
        0.5441272258758545,
        0.48713400959968567,
        0.44070231914520264,
        0.41909268498420715,
        0.3993058502674103
    ],
    "is_suc": 1,
    "now_seed": 200000
}