{
    "norm": [
        0.7851742506027222,
        0.7434790134429932,
        0.6905348300933838,
        0.6478899717330933,
        0.6027536392211914,
        0.545621395111084,
        0.46581774950027466,
        0.413125216960907,
        0.39988622069358826,
        0.4204431474208832,
        0.46833735704421997
    ],
    "is_suc": 1,
    "now_seed": 200000
}