{
    "norm": [
        0.9738516807556152,
        0.9196671843528748,
        0.8757044076919556,
        0.838286280632019,
        0.7738809585571289,
        0.6854078769683838,
        0.6105382442474365,
        0.5415078401565552,
        0.46969977021217346,
        0.42027193307876587,
        0.39784032106399536
    ],
    "is_suc": 1,
    "now_seed": 200000
}