{
    "norm": [
        0.8425547480583191,
        0.7163525223731995,
        0.6029808521270752,
        0.5000799894332886,
        0.41260820627212524,
        0.3399685025215149,
        0.28475531935691833,
        0.25313299894332886,
        0.25197485089302063,
        0.2588728368282318,
        0.2814044952392578
    ],
    "is_suc": 1,
    "now_seed": 200000
}