{
    "norm": [
        0.736126720905304,
        0.6687835454940796,
        0.5694242119789124,
        0.4744871258735657,
        0.40912389755249023,
        0.34756210446357727,
        0.3012111783027649,
        0.2702077627182007,
        0.2509724795818329,
        0.2571040689945221,
        0.29297512769699097
    ],
    "is_suc": 1,
    "now_seed": 200000
}