{
    "norm": [
        0.7163591980934143,
        0.6262116432189941,
        0.5568696856498718,
        0.5060783624649048,
        0.4709540605545044,
        0.4332121014595032,
        0.3983730673789978,
        0.3678725063800812,
        0.32182908058166504,
        0.2906646728515625,
        0.2756817638874054
    ],
    "is_suc": 1,
    "now_seed": 200000
}