{
    "norm": [
        0.6138064861297607,
        0.5336719155311584,
        0.45309123396873474,
        0.38512012362480164,
        0.3281656503677368,
        0.2804448902606964,
        0.26165661215782166,
        0.2641716003417969,
        0.2877088189125061,
        0.31458890438079834,
        0.3432220220565796
    ],
    "is_suc": 1,
    "now_seed": 200000
}