{
    "norm": [
        0.8494478464126587,
        0.7251558303833008,
        0.6163356304168701,
        0.5244528651237488,
        0.46289271116256714,
        0.40917688608169556,
        0.3631168305873871,
        0.31893661618232727,
        0.285396546125412,
        0.26825985312461853,
        0.25147539377212524
    ],
    "is_suc": 1,
    "now_seed": 200000
}