{
    "norm": [
        0.8286207318305969,
        0.7679186463356018,
        0.7050963044166565,
        0.648560106754303,
        0.5979796051979065,
        0.5433191061019897,
        0.4839625358581543,
        0.42931807041168213,
        0.34738343954086304,
        0.2662833333015442,
        0.21774990856647491
    ],
    "is_suc": 1,
    "now_seed": 200000
}