{
    "norm": [
        0.39508602023124695,
        0.42652183771133423,
        0.4740283787250519,
        0.24340730905532837,
        0.47523683309555054,
        0.6138299107551575,
        0.3511267602443695,
        0.45490431785583496,
        0.15341666340827942,
        0.3918085992336273,
        0.3012729287147522
    ],
    "is_suc": 1,
    "now_seed": 200010
}