{
    "norm": [
        0.3549689054489136,
        0.30257970094680786,
        0.29606184363365173,
        0.4932781159877777,
        0.38670849800109863,
        0.2787589430809021,
        0.30399835109710693,
        0.32396644353866577,
        0.5434765815734863,
        0.3990767002105713,
        0.42193418741226196,
        0.41763371229171753
    ],
    "is_suc": 0,
    "now_seed": 200022
}