{
    "norm": [
        0.3160284459590912,
        0.21830132603645325,
        0.2408958524465561,
        0.2550123929977417,
        0.19849364459514618,
        0.17267389595508575,
        0.27015161514282227,
        0.18444348871707916,
        0.41607579588890076,
        0.42688342928886414,
        0.41964423656463623,
        0.3913189768791199
    ],
    "is_suc": 0,
    "now_seed": 200020
}