{
    "norm": [
        0.45884403586387634,
        0.2998591661453247,
        0.3908578157424927,
        0.28145134449005127,
        0.42245736718177795,
        0.392698734998703,
        0.31607210636138916,
        0.4223124086856842,
        0.3641790449619293,
        0.4015333354473114,
        0.26725631952285767,
        0.4330238401889801
    ],
    "is_suc": 0,
    "now_seed": 200004
}