{
    "norm": [
        0.4246785044670105,
        0.3483612537384033,
        0.43955445289611816,
        0.2929175794124603,
        0.5347302556037903,
        0.4330556094646454,
        0.4184524714946747,
        0.324040949344635,
        0.33884742856025696
    ],
    "is_suc": 1,
    "now_seed": 200005
}