{
    "norm": [
        0.3945068418979645,
        0.35034963488578796,
        0.22619284689426422,
        0.24011200666427612,
        0.16712217032909393,
        0.19153736531734467,
        0.2659681439399719,
        0.22521251440048218,
        0.2554563879966736,
        0.4132281243801117,
        0.4315507113933563,
        0.3789795935153961
    ],
    "is_suc": 0,
    "now_seed": 200006
}