{
    "norm": [
        0.35637056827545166,
        0.2904132306575775,
        0.2388540655374527,
        0.23424936830997467,
        0.211370587348938,
        0.2223474532365799,
        0.28401413559913635,
        0.2603214979171753,
        0.47487542033195496,
        0.487537145614624,
        0.5210787057876587,
        0.5044606328010559
    ],
    "is_suc": 0,
    "now_seed": 200001
}