{
    "norm": [
        0.41532522439956665,
        0.41615113615989685,
        0.3480207026004791,
        0.25361567735671997,
        0.43107345700263977,
        0.35872021317481995,
        0.4334796667098999,
        0.10668017715215683
    ],
    "is_suc": 1,
    "now_seed": 200013
}