{
    "norm": [
        0.34483644366264343,
        0.2703104317188263,
        0.26688989996910095,
        0.26971298456192017,
        0.24984756112098694,
        0.18753327429294586,
        0.2625957727432251,
        0.22081099450588226,
        0.5024751424789429,
        0.45491376519203186,
        0.4895721971988678,
        0.48373493552207947
    ],
    "is_suc": 0,
    "now_seed": 200009
}