{
    "norm": [
        0.40904444456100464,
        0.37689656019210815,
        0.29261472821235657,
        0.2970595061779022,
        0.17005705833435059,
        0.19369234144687653,
        0.257378488779068,
        0.17129403352737427,
        0.38439732789993286,
        0.39438629150390625,
        0.36125993728637695,
        0.3708299696445465
    ],
    "is_suc": 0,
    "now_seed": 200011
}