{
    "norm": [
        0.34917789697647095,
        0.27036210894584656,
        0.24737820029258728,
        0.23536381125450134,
        0.18188583850860596,
        0.1826668679714203,
        0.2561998665332794,
        0.2501981258392334,
        0.47695720195770264,
        0.4431648850440979,
        0.4702068567276001,
        0.4532041847705841
    ],
    "is_suc": 0,
    "now_seed": 200012
}