{
    "norm": [
        0.3879815936088562,
        0.3313184380531311,
        0.2142532765865326,
        0.23935957252979279,
        0.15155722200870514,
        0.1837591677904129,
        0.239920973777771,
        0.22982245683670044,
        0.22617164254188538,
        0.42189469933509827,
        0.44367077946662903,
        0.4286808669567108
    ],
    "is_suc": 0,
    "now_seed": 200000
}