{
    "norm": [
        0.44672828912734985,
        0.2470707893371582,
        0.438335657119751,
        0.25256097316741943,
        0.4005431830883026,
        0.5328848958015442,
        0.3290959596633911,
        0.44114431738853455,
        0.32840022444725037
    ],
    "is_suc": 1,
    "now_seed": 200019
}