{
    "norm": [
        0.3199814558029175,
        0.24907007813453674,
        0.2954992651939392,
        0.279933363199234,
        0.23469887673854828,
        0.24821650981903076,
        0.29786446690559387,
        0.2645713686943054,
        0.3324507772922516,
        0.5215046405792236,
        0.536745011806488,
        0.5133516192436218
    ],
    "is_suc": 0,
    "now_seed": 200015
}