{
    "norm": [
        0.3562846779823303,
        0.3733595013618469,
        0.3616483211517334,
        0.30270570516586304,
        0.19303849339485168,
        0.2227761447429657,
        0.2624686360359192,
        0.3075142502784729,
        0.40152114629745483
    ],
    "is_suc": 1,
    "now_seed": 200017
}