{
    "norm": [
        0.32056206464767456,
        0.25948861241340637,
        0.2767263948917389,
        0.3057052195072174,
        0.28931573033332825,
        0.29956868290901184,
        0.22131438553333282,
        0.25437599420547485,
        0.39753469824790955,
        0.44696763157844543,
        0.4613475501537323,
        0.4285599887371063
    ],
    "is_suc": 0,
    "now_seed": 200016
}