{
    "norm": [
        0.3264206349849701,
        0.23934589326381683,
        0.27196285128593445,
        0.2714257836341858,
        0.27493903040885925,
        0.16586312651634216,
        0.28369253873825073,
        0.12762092053890228
    ],
    "is_suc": 1,
    "now_seed": 200008
}