{
    "norm": [
        0.4944724142551422,
        0.35180458426475525,
        0.4023740589618683,
        0.4462486803531647,
        0.47802862524986267,
        0.3907538652420044,
        0.4604393541812897,
        0.16561339795589447
    ],
    "is_suc": 1,
    "now_seed": 200002
}