{
    "norm": [
        0.3502815067768097,
        0.30607521533966064,
        0.33266976475715637,
        0.2609521746635437,
        0.1824144572019577,
        0.21103915572166443,
        0.2567479610443115,
        0.22850504517555237,
        0.47984030842781067,
        0.43722113966941833,
        0.4437251091003418,
        0.4685456454753876
    ],
    "is_suc": 0,
    "now_seed": 200014
}