{
    "norm": [
        0.44168931245803833,
        0.23163391649723053,
        0.42642855644226074,
        0.31642067432403564,
        0.4863668382167816,
        0.41899749636650085,
        0.3188208043575287,
        0.44562768936157227,
        0.31354665756225586,
        0.41422906517982483,
        0.2956763207912445,
        0.41327667236328125
    ],
    "is_suc": 0,
    "now_seed": 200021
}