{
    "norm": [
        0.75262051820755,
        0.7259255051612854,
        0.6773009896278381,
        0.5991171598434448,
        0.5204681158065796,
        0.440346896648407,
        0.36736688017845154,
        0.3108409643173218,
        0.25883302092552185,
        0.2284248322248459,
        0.23452915251255035
    ],
    "is_suc": 0,
    "now_seed": 200000
}