{
    "norm": [
        1.158178687095642,
        1.0948762893676758,
        1.032101035118103,
        0.9198186993598938,
        0.8173409700393677,
        0.7212756872177124,
        0.6342038512229919,
        0.541092574596405,
        0.46354666352272034,
        0.40885797142982483,
        0.37217485904693604
    ],
    "is_suc": 0,
    "now_seed": 200000
}