{
    "norm": [
        0.64641273021698,
        0.6076116561889648,
        0.5618759989738464,
        0.5280904769897461,
        0.5061284899711609,
        0.48956209421157837,
        0.4622257351875305,
        0.442422479391098,
        0.4232568144798279,
        0.4104759693145752,
        0.41997286677360535
    ],
    "is_suc": 0,
    "now_seed": 200000
}