{
    "norm": [
        0.8861045241355896,
        0.8093428015708923,
        0.7278684973716736,
        0.6525450944900513,
        0.5695275068283081,
        0.48951974511146545,
        0.40736624598503113,
        0.3368873596191406,
        0.28112363815307617,
        0.25199025869369507,
        0.26016712188720703
    ],
    "is_suc": 0,
    "now_seed": 200000
}