{
    "norm": [
        0.7373754978179932,
        0.6368424892425537,
        0.5651567578315735,
        0.5144616961479187,
        0.4753958582878113,
        0.4340667426586151,
        0.40423816442489624,
        0.37442997097969055,
        0.34574055671691895,
        0.3232721984386444,
        0.3080642819404602
    ],
    "is_suc": 0,
    "now_seed": 200000
}