{
    "norm": [
        0.5864044427871704,
        0.5365501642227173,
        0.4889776408672333,
        0.44637539982795715,
        0.41104012727737427,
        0.3765726685523987,
        0.34786754846572876,
        0.328477680683136,
        0.3237304091453552,
        0.3203437924385071,
        0.33096227049827576
    ],
    "is_suc": 0,
    "now_seed": 200000
}