{
    "norm": [
        0.9545310139656067,
        0.8924617171287537,
        0.8212360143661499,
        0.7482477426528931,
        0.6721386909484863,
        0.5903769731521606,
        0.5025198459625244,
        0.4201563596725464,
        0.3398512601852417,
        0.2738649845123291,
        0.24358916282653809
    ],
    "is_suc": 0,
    "now_seed": 200000
}