{
    "norm": [
        0.5454475283622742,
        0.5343665480613708,
        0.5274174809455872,
        0.517584502696991,
        0.5082211494445801,
        0.5110198855400085,
        0.5096370577812195,
        0.5080777406692505,
        0.49282875657081604,
        0.472002774477005,
        0.4424936771392822
    ],
    "is_suc": 0,
    "now_seed": 200000
}