{
    "norm": [
        0.726521909236908,
        0.7139992713928223,
        0.6976305246353149,
        0.6887564659118652,
        0.6560958027839661,
        0.6118839979171753,
        0.540412425994873,
        0.4756818413734436,
        0.42623019218444824,
        0.3789859116077423,
        0.348991721868515
    ],
    "is_suc": 0,
    "now_seed": 200000
}