{
    "norm": [
        1.0395022630691528,
        1.0052284002304077,
        0.9642733931541443,
        0.9052813053131104,
        0.8281277418136597,
        0.7218774557113647,
        0.6248879432678223,
        0.5239300727844238,
        0.43477290868759155,
        0.35265979170799255,
        0.29459819197654724
    ],
    "is_suc": 0,
    "now_seed": 200000
}