{
    "norm": [
        0.7510471940040588,
        0.6132640838623047,
        0.5190640687942505,
        0.45342424511909485,
        0.42296457290649414,
        0.431799978017807,
        0.44023048877716064,
        0.4252338707447052,
        0.39368829131126404,
        0.3725433051586151,
        0.3578644096851349
    ],
    "is_suc": 0,
    "now_seed": 200000
}