{
    "norm": [
        0.5568837523460388,
        0.5247190594673157,
        0.49550697207450867,
        0.46871840953826904,
        0.4414662718772888,
        0.4227229952812195,
        0.40819576382637024,
        0.387885719537735,
        0.3669033944606781,
        0.3347533643245697,
        0.3046153485774994
    ],
    "is_suc": 0,
    "now_seed": 200000
}