{
    "norm": [
        1.1065620183944702,
        1.0335915088653564,
        0.9589565396308899,
        0.8635020852088928,
        0.7487587928771973,
        0.6344698071479797,
        0.516995370388031,
        0.4071979224681854,
        0.3178359270095825,
        0.2463061362504959,
        0.21162381768226624
    ],
    "is_suc": 0,
    "now_seed": 200000
}