{
    "norm": [
        0.7680994868278503,
        0.7291023135185242,
        0.6862579584121704,
        0.6208345890045166,
        0.5574345588684082,
        0.48874640464782715,
        0.420989066362381,
        0.369067519903183,
        0.3347565531730652,
        0.3124452829360962,
        0.3119482100009918
    ],
    "is_suc": 0,
    "now_seed": 200000
}