{
    "norm": [
        0.620093822479248,
        0.4191814959049225,
        0.17425917088985443,
        0.44721719622612,
        0.2980075478553772,
        0.271976500749588,
        0.29378741979599,
        0.31310173869132996,
        0.32102859020233154,
        0.2563273310661316,
        0.5514287948608398,
        0.47276392579078674,
        0.24343793094158173,
        0.27395927906036377,
        0.29542675614356995,
        0.2881511449813843,
        0.2989891469478607,
        0.29622864723205566,
        0.3177900016307831,
        0.2785915434360504
    ],
    "is_suc": 0,
    "now_seed": 200018
}