{
    "norm": [
        0.6626266241073608,
        0.4942012131214142,
        0.40135616064071655,
        0.28459954261779785,
        0.2661277949810028,
        0.1949620544910431,
        0.25081175565719604,
        0.197883740067482,
        0.24856047332286835,
        0.20432674884796143,
        0.2377457171678543,
        0.19926922023296356,
        0.248884916305542,
        0.20312470197677612,
        0.22567124664783478,
        0.2000267505645752,
        0.23420336842536926,
        0.19664059579372406,
        0.2453809529542923,
        0.18998001515865326
    ],
    "is_suc": 0,
    "now_seed": 200007
}