{
    "norm": [
        0.5856561660766602,
        0.3108426034450531,
        0.3405298888683319,
        0.6075068712234497,
        0.39737480878829956,
        0.30417361855506897,
        0.3035356104373932,
        0.30037376284599304,
        0.34619221091270447,
        0.3222174346446991,
        0.2917175590991974,
        0.3022516667842865,
        0.456724613904953,
        0.25134992599487305,
        0.2732352316379547,
        0.37305134534835815,
        0.31135502457618713,
        0.3076048493385315,
        0.3006814122200012,
        0.4256395995616913
    ],
    "is_suc": 0,
    "now_seed": 200015
}