{
    "norm": [
        0.6363394260406494,
        0.2390766590833664,
        0.34523046016693115,
        0.442844420671463,
        0.49743106961250305,
        0.36279433965682983,
        0.2646998167037964,
        0.314979612827301,
        0.34363359212875366,
        0.3259682059288025,
        0.3612603545188904,
        0.3191938102245331,
        0.3084675371646881,
        0.34614992141723633,
        0.3309484124183655,
        0.32748618721961975,
        0.347680002450943,
        0.37118586897850037,
        0.3366168439388275,
        0.3511107265949249
    ],
    "is_suc": 0,
    "now_seed": 200016
}