{
    "norm": [
        0.6877211928367615,
        0.45708560943603516,
        0.3235859274864197,
        0.3580568730831146,
        0.37167584896087646,
        0.27197960019111633,
        0.13928350806236267,
        0.2192450761795044,
        0.4363989531993866,
        0.30928707122802734,
        0.31136423349380493,
        0.448580801486969,
        0.6967868208885193,
        0.5189302563667297,
        0.3581596314907074,
        0.23702390491962433,
        0.23426112532615662,
        0.1711662858724594,
        0.3015524744987488,
        0.2470557540655136
    ],
    "is_suc": 0,
    "now_seed": 200019
}