{
    "norm": [
        0.6024508476257324,
        0.33421605825424194,
        0.1983746439218521,
        0.36232900619506836,
        0.28697869181632996,
        0.28614476323127747,
        0.2905929684638977,
        0.3013443350791931,
        0.32798510789871216,
        0.3358776867389679,
        0.32606741786003113,
        0.3232578635215759,
        0.3515193462371826,
        0.3578423261642456,
        0.33610793948173523,
        0.33340221643447876,
        0.3664354085922241,
        0.35875508189201355,
        0.36371201276779175,
        0.39467135071754456
    ],
    "is_suc": 0,
    "now_seed": 200000
}