{
    "norm": [
        0.599554717540741,
        0.25657591223716736,
        0.2641844153404236,
        0.46324092149734497,
        0.34981825947761536,
        0.2505028545856476,
        0.28442052006721497,
        0.23744232952594757,
        0.46851545572280884,
        0.5238286852836609,
        0.4165317714214325,
        0.3599558472633362,
        0.3256029784679413,
        0.29305872321128845,
        0.31265154480934143
    ],
    "is_suc": 1,
    "now_seed": 200008
}