{
    "norm": [
        0.6352971792221069,
        0.46216320991516113,
        0.4363451898097992,
        0.2985322177410126,
        0.26688504219055176,
        0.15094251930713654,
        0.2491001933813095,
        0.48893028497695923,
        0.3844573497772217,
        0.27095165848731995,
        0.4019306004047394,
        0.3941642642021179,
        0.2925296723842621,
        0.16139903664588928,
        0.1937621533870697,
        0.1940845400094986,
        0.26404520869255066,
        0.3189108967781067,
        0.33579686284065247,
        0.4031488001346588
    ],
    "is_suc": 0,
    "now_seed": 200004
}