{
    "norm": [
        0.6650450825691223,
        0.5155084133148193,
        0.38593950867652893,
        0.2987927496433258,
        0.25324323773384094,
        0.1989854872226715,
        0.3331736922264099,
        0.49591994285583496,
        0.434741348028183,
        0.25146859884262085,
        0.34299519658088684,
        0.38902172446250916,
        0.3196105659008026,
        0.2679516077041626,
        0.2106349617242813,
        0.2170735001564026,
        0.22267332673072815,
        0.3161162734031677,
        0.25514665246009827,
        0.3492453098297119
    ],
    "is_suc": 0,
    "now_seed": 200013
}