{
    "norm": [
        0.5620348453521729,
        0.2712635397911072,
        0.3113161325454712,
        0.5842577815055847,
        0.4248887598514557,
        0.26944711804389954,
        0.2764434516429901,
        0.28579169511795044,
        0.44082361459732056,
        0.6847766041755676,
        0.424110472202301,
        0.30689045786857605,
        0.2684742212295532,
        0.2665218412876129,
        0.2811160683631897
    ],
    "is_suc": 1,
    "now_seed": 200012
}