{
    "norm": [
        0.5566384792327881,
        0.2779734134674072,
        0.410935640335083,
        0.6177465319633484,
        0.43597733974456787,
        0.32639187574386597,
        0.2928854823112488,
        0.32139474153518677,
        0.31506577134132385,
        0.3299669325351715,
        0.3702560067176819,
        0.3471735417842865,
        0.3636605143547058,
        0.3097347319126129,
        0.30349552631378174,
        0.21208764612674713,
        0.3182217478752136,
        0.4764045774936676,
        0.2563919425010681,
        0.40377363562583923
    ],
    "is_suc": 0,
    "now_seed": 200005
}