{
    "norm": [
        0.6567245125770569,
        0.46701779961586,
        0.4619704782962799,
        0.3243926465511322,
        0.35921114683151245,
        0.15538290143013,
        0.2312553972005844,
        0.48371219635009766,
        0.3660903871059418,
        0.29578056931495667,
        0.4584554433822632,
        0.5266743898391724,
        0.32896047830581665,
        0.3267040252685547,
        0.2611664831638336,
        0.19197985529899597,
        0.33543387055397034,
        0.18330250680446625,
        0.2789594233036041,
        0.32132962346076965
    ],
    "is_suc": 0,
    "now_seed": 200002
}