{
    "norm": [
        0.6517942547798157,
        0.48641687631607056,
        0.4034731686115265,
        0.3364781439304352,
        0.25655415654182434,
        0.20644645392894745,
        0.21138399839401245,
        0.1891031712293625,
        0.2076490819454193,
        0.20018883049488068,
        0.19341516494750977,
        0.22761116921901703,
        0.2026359885931015,
        0.22330477833747864,
        0.1942526251077652,
        0.23527896404266357,
        0.2026502788066864,
        0.22189582884311676,
        0.1956022083759308,
        0.24533908069133759
    ],
    "is_suc": 0,
    "now_seed": 200003
}