{
    "norm": [
        0.6034113168716431,
        0.3430933356285095,
        0.16357122361660004,
        0.3054473400115967,
        0.2677447497844696,
        0.23965799808502197,
        0.2829822599887848,
        0.3239874839782715,
        0.3923181891441345,
        0.6372727155685425,
        0.47077420353889465,
        0.2796281576156616,
        0.27392062544822693,
        0.28870898485183716,
        0.2951788008213043
    ],
    "is_suc": 1,
    "now_seed": 200011
}