{
    "norm": [
        0.6164361238479614,
        0.2226012498140335,
        0.27129095792770386,
        0.2690752446651459,
        0.45924311876296997,
        0.3823244273662567,
        0.2279355525970459,
        0.29135164618492126,
        0.23573802411556244,
        0.35484224557876587,
        0.5661974549293518,
        0.23288016021251678,
        0.3531581163406372,
        0.3822002708911896,
        0.2843533158302307,
        0.2659010887145996,
        0.27239397168159485,
        0.422589510679245,
        0.4673803448677063,
        0.27696946263313293
    ],
    "is_suc": 0,
    "now_seed": 200014
}