{
    "norm": [
        0.6082257032394409,
        0.24460650980472565,
        0.2691883444786072,
        0.2740018665790558,
        0.4426400661468506,
        0.3747137188911438,
        0.24372582137584686,
        0.28735095262527466,
        0.24082960188388824,
        0.48695191740989685,
        0.6548933386802673,
        0.3929845988750458,
        0.33956828713417053,
        0.2722000777721405,
        0.23010417819023132,
        0.2536734342575073
    ],
    "is_suc": 1,
    "now_seed": 200009
}