{
    "norm": [
        0.666723906993866,
        0.4838496446609497,
        0.36458027362823486,
        0.45569750666618347,
        0.5573306679725647,
        0.42814961075782776,
        0.14053688943386078,
        0.20928457379341125,
        0.2638992369174957,
        0.3784010708332062,
        0.3418006896972656,
        0.38110390305519104,
        0.3122503459453583,
        0.2838394045829773,
        0.2324291467666626,
        0.20400623977184296,
        0.20765626430511475,
        0.22675958275794983,
        0.23922352492809296,
        0.23224861919879913
    ],
    "is_suc": 0,
    "now_seed": 200017
}