{
    "norm": [
        0.6300948262214661,
        0.4092237651348114,
        0.2388666719198227,
        0.221085324883461,
        0.2767603397369385,
        0.13206341862678528,
        0.22729305922985077,
        0.44173160195350647,
        0.25496354699134827,
        0.43443799018859863,
        0.6351615786552429,
        0.7090941667556763,
        0.34735944867134094,
        0.25156670808792114,
        0.26983675360679626,
        0.2934804856777191,
        0.2519703209400177,
        0.2540813386440277,
        0.32502248883247375,
        0.23744505643844604
    ],
    "is_suc": 0,
    "now_seed": 200010
}