{
    "norm": [
        0.6892621517181396,
        0.44570618867874146,
        0.3576655983924866,
        0.382301390171051,
        0.3534654676914215,
        0.22915591299533844,
        0.19228005409240723,
        0.1928689330816269,
        0.15553072094917297,
        0.22655099630355835,
        0.1592494398355484,
        0.2247798591852188,
        0.16569557785987854,
        0.2142871916294098,
        0.15965814888477325,
        0.20719587802886963,
        0.18723542988300323,
        0.20100641250610352,
        0.1988501399755478,
        0.1836542934179306
    ],
    "is_suc": 0,
    "now_seed": 200006
}