{
    "norm": [
        0.5650068521499634,
        0.3105204403400421,
        0.43684569001197815,
        0.6596997976303101,
        0.5379016995429993,
        0.28617721796035767,
        0.29510945081710815,
        0.3056756258010864,
        0.32983148097991943,
        0.3090905547142029,
        0.3175007104873657,
        0.3188766539096832,
        0.32687899470329285,
        0.3570955693721771,
        0.3380874693393707,
        0.36115849018096924,
        0.32351937890052795,
        0.3134436309337616,
        0.3447970449924469,
        0.3465127646923065
    ],
    "is_suc": 0,
    "now_seed": 200001
}