{
    "norm": [
        0.725680947303772,
        0.4073594808578491,
        0.36517786979675293,
        0.4239104092121124,
        0.4081904888153076,
        0.3956412672996521,
        0.2888394296169281,
        0.27215635776519775,
        0.28079959750175476,
        0.2725319564342499
    ],
    "is_suc": 1,
    "now_seed": 200008
}