{
    "norm": [
        0.7082759141921997,
        0.49601516127586365,
        0.330529123544693,
        0.5952385663986206,
        0.45239511132240295,
        0.6845518946647644,
        0.26704323291778564
    ],
    "is_suc": 1,
    "now_seed": 200013
}