{
    "norm": [
        0.6245992183685303,
        0.518423855304718,
        0.42208531498908997,
        0.49936819076538086
    ],
    "is_suc": 0,
    "now_seed": 200002
}