{
    "norm": [
        0.7301774621009827,
        0.5518090128898621,
        0.6612884402275085,
        0.451409250497818,
        0.3743593692779541,
        0.6014537811279297,
        0.2214171588420868,
        0.26239046454429626,
        0.2679207921028137,
        0.29144683480262756,
        0.2953855097293854,
        0.31188419461250305,
        0.3104451298713684,
        0.324002206325531
    ],
    "is_suc": 0,
    "now_seed": 200004
}