{
    "norm": [
        0.6988795399665833,
        0.5330315828323364,
        0.4764793813228607,
        0.601180911064148,
        0.3248092830181122
    ],
    "is_suc": 0,
    "now_seed": 200006
}