{
    "norm": [
        0.625781238079071,
        0.5369639992713928,
        0.38339942693710327,
        0.42456895112991333,
        0.3360060751438141,
        0.5893306732177734,
        0.19299057126045227
    ],
    "is_suc": 1,
    "now_seed": 200021
}