{
    "norm": [
        0.5888533592224121,
        0.4503190517425537,
        0.5244641304016113
    ],
    "is_suc": 0,
    "now_seed": 200003
}