{
    "norm": [
        0.6325260400772095,
        0.533717930316925,
        0.2650999426841736,
        0.3725219666957855,
        0.5067321062088013,
        0.6390355229377747,
        0.2834908962249756
    ],
    "is_suc": 1,
    "now_seed": 200017
}