{
    "norm": [
        0.6588158011436462,
        0.5614113211631775,
        0.545040488243103,
        0.5735282897949219,
        0.3858100473880768
    ],
    "is_suc": 0,
    "now_seed": 200007
}