{
    "norm": [
        0.6121484637260437,
        0.47037073969841003,
        0.32249194383621216,
        0.45607155561447144,
        0.3552965521812439
    ],
    "is_suc": 0,
    "now_seed": 200016
}