{
    "norm": [
        0.626882791519165,
        0.4754718840122223,
        0.5659317970275879
    ],
    "is_suc": 0,
    "now_seed": 200012
}