{
    "norm": [
        0.663543164730072,
        0.4848116636276245,
        0.5075691342353821,
        0.49507808685302734,
        0.4821668565273285
    ],
    "is_suc": 0,
    "now_seed": 200024
}