{
    "norm": [
        0.6164934635162354,
        0.46424463391304016,
        0.5430824756622314
    ],
    "is_suc": 0,
    "now_seed": 200011
}