{
    "norm": [
        0.6505720615386963,
        0.3488914966583252,
        0.32811227440834045,
        0.3529323935508728,
        0.5465588569641113,
        0.5244786739349365
    ],
    "is_suc": 0,
    "now_seed": 200020
}