{
    "norm": [
        0.7637457251548767,
        0.42861300706863403,
        0.28835931420326233,
        0.38090643286705017
    ],
    "is_suc": 0,
    "now_seed": 200018
}