{
    "norm": [
        0.7053072452545166,
        0.5118510127067566,
        0.46296489238739014,
        0.45798325538635254,
        0.49660876393318176,
        0.6561716794967651,
        0.2662144899368286
    ],
    "is_suc": 1,
    "now_seed": 200001
}