{
    "norm": [
        0.7483312487602234,
        0.5130933523178101,
        0.5471658110618591,
        0.41515645384788513,
        0.36031460762023926,
        0.35567858815193176
    ],
    "is_suc": 0,
    "now_seed": 200005
}