{
    "norm": [
        0.6863104701042175,
        0.38662397861480713,
        0.49872449040412903,
        0.36791250109672546,
        0.48518896102905273,
        0.3336082398891449
    ],
    "is_suc": 1,
    "now_seed": 200014
}