{
    "norm": [
        0.6427286863327026,
        0.5155941843986511,
        0.2898193895816803,
        0.41029512882232666,
        0.5172445774078369,
        0.6343545913696289,
        0.35770776867866516,
        0.3489503860473633,
        0.26279157400131226,
        0.24538716673851013,
        0.21709619462490082,
        0.22578933835029602,
        0.23040015995502472,
        0.23603133857250214
    ],
    "is_suc": 0,
    "now_seed": 200022
}