{
    "norm": [
        0.8174503445625305,
        0.46102818846702576,
        0.5807661414146423,
        0.36961331963539124,
        0.4175584316253662
    ],
    "is_suc": 0,
    "now_seed": 200009
}