{
    "norm": [
        0.3901423215866089,
        0.35974743962287903,
        0.2772673964500427,
        0.23103627562522888,
        0.20905417203903198,
        0.21899117529392242,
        0.17990225553512573,
        0.2078302502632141,
        0.21614578366279602,
        0.28659358620643616,
        0.20236560702323914,
        0.2824958562850952,
        0.3160519301891327,
        0.3040982186794281,
        0.34193822741508484,
        0.29331550002098083,
        0.36067163944244385,
        0.3466222286224365,
        0.3395862579345703,
        0.37100157141685486
    ],
    "is_suc": 0,
    "now_seed": 200016
}