{
    "norm": [
        0.37467846274375916,
        0.3292049169540405,
        0.21491962671279907,
        0.29660096764564514,
        0.25478339195251465,
        0.2559620141983032,
        0.22002756595611572,
        0.15883122384548187,
        0.3458160161972046,
        0.32486557960510254,
        0.39967453479766846,
        0.6184442043304443,
        0.49356478452682495,
        0.47056084871292114,
        0.4021841287612915,
        0.43384066224098206,
        0.20286531746387482,
        0.47355028986930847,
        0.5272746086120605,
        0.21841968595981598
    ],
    "is_suc": 0,
    "now_seed": 200014
}