{
    "norm": [
        0.3714907169342041,
        0.3325267434120178,
        0.22309468686580658,
        0.25025802850723267,
        0.2405950129032135,
        0.2648143470287323,
        0.2341860681772232,
        0.17475572228431702,
        0.39700207114219666,
        0.4208674728870392,
        0.26154428720474243,
        0.3840680718421936,
        0.4410112500190735,
        0.5813446640968323,
        0.3424876928329468,
        0.3319905698299408
    ],
    "is_suc": 1,
    "now_seed": 200009
}