{
    "norm": [
        0.4475218951702118,
        0.5484273433685303,
        0.42357948422431946,
        0.39837390184402466,
        0.378332257270813,
        0.3431950509548187,
        0.23836186528205872,
        0.2227780967950821,
        0.18935993313789368,
        0.3893961012363434,
        0.3710576593875885,
        0.41846761107444763,
        0.29561561346054077,
        0.4031977355480194,
        0.26376330852508545,
        0.3330684304237366,
        0.30976513028144836,
        0.3829282522201538,
        0.2970404028892517,
        0.39137041568756104
    ],
    "is_suc": 0,
    "now_seed": 200017
}