{
    "norm": [
        0.46150070428848267,
        0.5642804503440857,
        0.3737243711948395,
        0.45353999733924866,
        0.31177595257759094,
        0.2758900821208954,
        0.2378237545490265,
        0.23596452176570892,
        0.332244336605072,
        0.506654679775238,
        0.4549831449985504,
        0.30550745129585266,
        0.26986247301101685,
        0.27498069405555725,
        0.21628031134605408,
        0.17052331566810608,
        0.16322623193264008,
        0.23887665569782257,
        0.26033419370651245,
        0.3230234980583191
    ],
    "is_suc": 0,
    "now_seed": 200019
}