{
    "norm": [
        0.3898812234401703,
        0.33985307812690735,
        0.2403470277786255,
        0.21027891337871552,
        0.27123162150382996,
        0.1383662223815918,
        0.13968095183372498,
        0.303416907787323,
        0.37276774644851685,
        0.3219427764415741,
        0.23661832511425018,
        0.3111097812652588,
        0.38300222158432007,
        0.37328940629959106,
        0.3053516745567322
    ],
    "is_suc": 1,
    "now_seed": 200008
}