{
    "norm": [
        0.39399832487106323,
        0.4301588833332062,
        0.23468801379203796,
        0.39774787425994873,
        0.383354514837265,
        0.16446784138679504,
        0.16153429448604584,
        0.2051026076078415,
        0.24373658001422882,
        0.3369330167770386,
        0.43931737542152405,
        0.36303770542144775,
        0.32624194025993347,
        0.5340706706047058,
        0.6094410419464111,
        0.3911043703556061,
        0.31472259759902954,
        0.33545276522636414,
        0.339341402053833,
        0.3249284327030182
    ],
    "is_suc": 0,
    "now_seed": 200018
}