{
    "norm": [
        0.5093936324119568,
        0.4808790683746338,
        0.22762376070022583,
        0.2735235393047333,
        0.25225138664245605,
        0.3556680977344513,
        0.3840968608856201,
        0.35321465134620667,
        0.3802372217178345,
        0.3406648337841034,
        0.3834778964519501,
        0.332475483417511,
        0.3922092914581299,
        0.33071354031562805,
        0.3590937554836273,
        0.3509131073951721,
        0.38540005683898926,
        0.32742056250572205,
        0.37536513805389404,
        0.3348572850227356
    ],
    "is_suc": 0,
    "now_seed": 200007
}