{
    "norm": [
        0.5174509882926941,
        0.4557689428329468,
        0.3137604296207428,
        0.40353870391845703,
        0.3058816194534302,
        0.27797043323516846,
        0.20467227697372437,
        0.4053546190261841,
        0.3725544512271881,
        0.30916833877563477,
        0.23084622621536255,
        0.18806855380535126,
        0.20167866349220276,
        0.16129401326179504,
        0.1590263992547989,
        0.18977490067481995,
        0.22080086171627045,
        0.3540848195552826,
        0.2988772988319397,
        0.22612282633781433
    ],
    "is_suc": 0,
    "now_seed": 200002
}