{
    "norm": [
        0.40769174695014954,
        0.45336973667144775,
        0.3193540871143341,
        0.2201198935508728,
        0.18115156888961792,
        0.18444430828094482,
        0.20088288187980652,
        0.18841677904129028,
        0.2508304715156555,
        0.2507031261920929,
        0.2821753919124603,
        0.30578285455703735,
        0.23273684084415436,
        0.266876220703125,
        0.30516955256462097,
        0.3224601745605469,
        0.41446176171302795,
        0.49199506640434265,
        0.3566872477531433,
        0.333816796541214
    ],
    "is_suc": 0,
    "now_seed": 200005
}