{
    "norm": [
        0.40067028999328613,
        0.4427981972694397,
        0.32641586661338806,
        0.2090093493461609,
        0.21296410262584686,
        0.15229350328445435,
        0.14737382531166077,
        0.3932182192802429,
        0.39798396825790405,
        0.26248443126678467,
        0.38009554147720337,
        0.5451241731643677,
        0.5974465012550354,
        0.39523109793663025,
        0.3140634000301361
    ],
    "is_suc": 1,
    "now_seed": 200012
}