{
    "norm": [
        0.4607931077480316,
        0.6989555954933167,
        0.5238862037658691,
        0.7617878913879395,
        0.5286002159118652,
        0.3669625222682953,
        0.3165383040904999,
        0.3359241485595703,
        0.3259020745754242,
        0.35779595375061035,
        0.31164923310279846,
        0.3757559061050415,
        0.33691248297691345,
        0.36745065450668335,
        0.3176427483558655,
        0.36668604612350464,
        0.31750720739364624,
        0.34536534547805786,
        0.3528228998184204,
        0.3138578534126282
    ],
    "is_suc": 0,
    "now_seed": 200006
}