{
    "norm": [
        0.412372350692749,
        0.516570508480072,
        0.4261941909790039,
        0.306575745344162,
        0.2861987054347992,
        0.2206161767244339,
        0.23089224100112915,
        0.2333209365606308,
        0.2366664856672287,
        0.2607296109199524,
        0.23011645674705505,
        0.2548392117023468,
        0.26646819710731506,
        0.2830578684806824,
        0.33009323477745056,
        0.2001011073589325,
        0.290926069021225,
        0.29089781641960144,
        0.2804568409919739,
        0.34351420402526855
    ],
    "is_suc": 0,
    "now_seed": 200001
}