{
    "norm": [
        0.37364158034324646,
        0.36309030652046204,
        0.2747230529785156,
        0.20225898921489716,
        0.24507664144039154,
        0.12489649653434753,
        0.13574004173278809,
        0.4117070436477661,
        0.3862202763557434,
        0.3513268828392029,
        0.3533630967140198,
        0.6424849629402161,
        0.4699742794036865,
        0.3948325216770172,
        0.2823733687400818
    ],
    "is_suc": 1,
    "now_seed": 200011
}