{
    "norm": [
        0.5788760185241699,
        0.43913111090660095,
        0.2278645783662796,
        0.42938390374183655,
        0.3393309414386749,
        0.28872150182724,
        0.20143958926200867,
        0.40884333848953247,
        0.33934539556503296,
        0.256162166595459,
        0.2613871693611145,
        0.2279069721698761,
        0.26416149735450745,
        0.2382572442293167,
        0.1522192507982254,
        0.179632306098938,
        0.24198931455612183,
        0.30367493629455566,
        0.2817044258117676,
        0.27923154830932617
    ],
    "is_suc": 0,
    "now_seed": 200004
}