{
    "norm": [
        0.5042261481285095,
        0.48840463161468506,
        0.2063591182231903,
        0.2429608702659607,
        0.25108805298805237,
        0.29144150018692017,
        0.14429982006549835,
        0.44978436827659607,
        0.5863935351371765,
        0.22392253577709198,
        0.24122223258018494,
        0.2157621830701828,
        0.27030566334724426,
        0.16958314180374146,
        0.14551720023155212,
        0.1606217324733734,
        0.19329386949539185,
        0.27925798296928406,
        0.3027706444263458,
        0.24235866963863373
    ],
    "is_suc": 0,
    "now_seed": 200013
}