{
    "norm": [
        0.38429203629493713,
        0.3633265197277069,
        0.30976739525794983,
        0.21346546709537506,
        0.30491966009140015,
        0.13396678864955902,
        0.17846350371837616,
        0.16703495383262634,
        0.2253272384405136,
        0.19640015065670013,
        0.19192488491535187,
        0.23261544108390808,
        0.285787969827652,
        0.25546765327453613,
        0.22609397768974304,
        0.24290084838867188,
        0.283486932516098,
        0.2728447914123535,
        0.2861766815185547,
        0.3110690414905548
    ],
    "is_suc": 0,
    "now_seed": 200000
}