{
    "norm": [
        0.5215075612068176,
        0.6039299964904785,
        0.40951815247535706,
        0.26433074474334717,
        0.2809739112854004,
        0.22990691661834717,
        0.3002837300300598,
        0.3392564058303833,
        0.4998701810836792,
        0.6547029614448547,
        0.3377232551574707,
        0.17502735555171967,
        0.19838425517082214,
        0.12980106472969055,
        0.17281471192836761,
        0.18602977693080902,
        0.1842518448829651,
        0.19642025232315063,
        0.23589631915092468,
        0.15934188663959503
    ],
    "is_suc": 0,
    "now_seed": 200010
}