{
    "norm": [
        0.5365793108940125,
        0.4836047887802124,
        0.229505255818367,
        0.31491851806640625,
        0.2498859167098999,
        0.3723886013031006,
        0.3751641809940338,
        0.35612723231315613,
        0.3483993709087372,
        0.35840997099876404,
        0.3412782847881317,
        0.3723994195461273,
        0.3394748270511627,
        0.36312928795814514,
        0.33951714634895325,
        0.37470319867134094,
        0.3304457664489746,
        0.36895665526390076,
        0.3352723717689514,
        0.4043043553829193
    ],
    "is_suc": 0,
    "now_seed": 200003
}