{
    "norm": [
        0.39678800106048584,
        0.4357439875602722,
        0.2959732413291931,
        0.22395174205303192,
        0.21021369099617004,
        0.13917402923107147,
        0.19791822135448456,
        0.23889312148094177,
        0.22752955555915833,
        0.24289655685424805,
        0.2579084634780884,
        0.35159122943878174,
        0.42649099230766296,
        0.331964910030365,
        0.23936766386032104,
        0.24498768150806427,
        0.21157117187976837,
        0.21359358727931976,
        0.23872844874858856,
        0.43743377923965454
    ],
    "is_suc": 0,
    "now_seed": 200015
}