{
    "norm": [
        0.3996514678001404,
        2.4943959712982178,
        2.610534906387329,
        3.454240322113037,
        4.264742374420166,
        4.229369640350342,
        4.038571357727051,
        4.108015060424805,
        4.010335445404053,
        3.7010538578033447,
        3.5316104888916016,
        3.234893798828125,
        2.1797080039978027,
        2.4421675205230713
    ],
    "is_suc": 0,
    "now_seed": 200011
}