{
    "norm": [
        0.65300452709198,
        2.708493232727051,
        2.925952911376953
    ],
    "is_suc": 0,
    "now_seed": 200003
}