{
    "norm": [
        0.6934170722961426,
        2.7458252906799316,
        2.89153790473938,
        3.6539924144744873,
        4.258804798126221,
        4.463559627532959,
        3.742492914199829,
        3.9720826148986816,
        3.519066095352173,
        3.655271053314209,
        3.483919858932495,
        3.200472593307495,
        2.419489860534668,
        2.4220473766326904
    ],
    "is_suc": 0,
    "now_seed": 200001
}