{
    "norm": [
        0.70661461353302,
        2.7519590854644775,
        3.0530948638916016
    ],
    "is_suc": 0,
    "now_seed": 200009
}