{
    "norm": [
        0.48509812355041504,
        2.866168260574341,
        3.2133960723876953,
        3.452284574508667,
        3.2523276805877686,
        5.057746410369873,
        3.8637096881866455,
        3.969472885131836,
        3.981363296508789,
        3.7461299896240234,
        3.6062779426574707,
        3.117342233657837,
        2.3739612102508545,
        2.385873556137085
    ],
    "is_suc": 0,
    "now_seed": 200015
}