{
    "norm": [
        0.7659009099006653,
        2.97123646736145,
        3.1701138019561768,
        3.2999093532562256,
        3.8809878826141357,
        4.663069248199463,
        3.9519402980804443,
        4.386245250701904,
        4.072103023529053,
        3.4155473709106445,
        3.611339807510376,
        3.1615045070648193,
        2.4247617721557617,
        2.377823829650879
    ],
    "is_suc": 0,
    "now_seed": 200012
}