{
    "norm": [
        0.44836893677711487,
        2.9078025817871094,
        3.01165771484375,
        2.8367397785186768
    ],
    "is_suc": 0,
    "now_seed": 200019
}