{
    "norm": [
        0.5837727785110474,
        3.015125036239624,
        3.325169324874878
    ],
    "is_suc": 0,
    "now_seed": 200008
}