{
    "norm": [
        0.44229525327682495,
        2.508671998977661,
        2.8703527450561523
    ],
    "is_suc": 0,
    "now_seed": 200017
}