{
    "norm": [
        0.5184983611106873,
        2.4055259227752686,
        3.3646907806396484,
        3.0498766899108887,
        4.19114351272583,
        4.409960746765137,
        3.8594305515289307,
        4.190798759460449,
        4.084506988525391,
        3.938594341278076,
        3.3072140216827393,
        3.053769111633301,
        2.2545673847198486,
        2.3949460983276367
    ],
    "is_suc": 0,
    "now_seed": 200000
}