{
    "norm": [
        0.38325104117393494,
        2.794067621231079,
        3.0495336055755615,
        3.603888511657715
    ],
    "is_suc": 0,
    "now_seed": 200010
}