{
    "norm": [
        1.141618013381958,
        2.7276999950408936,
        2.757680654525757,
        3.301914691925049
    ],
    "is_suc": 0,
    "now_seed": 200006
}