{
    "norm": [
        0.6675311923027039,
        3.1016294956207275,
        3.1840507984161377,
        3.0115761756896973,
        4.074792861938477,
        4.473609447479248,
        4.087308883666992,
        4.402729511260986,
        3.9257891178131104,
        3.6218807697296143,
        2.9166018962860107,
        2.5804738998413086,
        2.5517818927764893,
        2.537170648574829
    ],
    "is_suc": 0,
    "now_seed": 200005
}