{
    "norm": [
        0.5950907468795776,
        3.119340181350708,
        2.7414584159851074,
        3.152341842651367,
        3.5534303188323975,
        4.103628635406494,
        3.9052414894104004,
        3.9409983158111572,
        4.089691162109375,
        3.7947473526000977,
        3.256622552871704,
        2.8688135147094727,
        2.3591716289520264,
        2.2873103618621826
    ],
    "is_suc": 0,
    "now_seed": 200018
}