{
    "norm": [
        0.4512854516506195,
        2.6630971431732178,
        3.0955309867858887,
        3.618382453918457,
        3.8804473876953125,
        4.954319953918457,
        3.9294490814208984,
        4.2760009765625,
        3.687586545944214,
        3.673112154006958,
        3.392686128616333,
        3.1955225467681885,
        2.186311960220337,
        2.5840749740600586
    ],
    "is_suc": 0,
    "now_seed": 200004
}