{
    "norm": [
        0.7187929749488831,
        2.4003970623016357,
        2.9881527423858643,
        3.251291275024414
    ],
    "is_suc": 0,
    "now_seed": 200014
}