{
    "norm": [
        0.4574522078037262,
        2.923501968383789,
        2.6198017597198486,
        2.8180367946624756,
        3.6893832683563232,
        3.5814688205718994,
        3.596015691757202,
        4.3744659423828125,
        4.186641693115234,
        3.5542919635772705,
        3.5508971214294434,
        3.259693145751953,
        2.5286974906921387,
        2.4728822708129883
    ],
    "is_suc": 0,
    "now_seed": 200002
}