{
    "norm": [
        0.828801155090332,
        2.879032611846924,
        3.117495536804199
    ],
    "is_suc": 0,
    "now_seed": 200013
}