{
    "norm": [
        0.44637346267700195,
        2.743319272994995,
        2.96349835395813
    ],
    "is_suc": 0,
    "now_seed": 200016
}