{
    "norm": [
        0.39765289425849915,
        2.812389612197876,
        3.2030086517333984,
        3.246180534362793,
        3.145960569381714,
        3.9651520252227783,
        4.028602600097656,
        4.108932971954346,
        4.403478145599365,
        3.8742735385894775,
        3.304500102996826,
        3.28837251663208,
        2.395270824432373,
        2.522830009460449
    ],
    "is_suc": 0,
    "now_seed": 200007
}