{
    "norm": [
        0.8774160146713257,
        3.9242258071899414,
        3.8324058055877686,
        4.133889198303223
    ],
    "is_suc": 0,
    "now_seed": 200002
}