{
    "norm": [
        0.648071825504303,
        3.7299506664276123,
        3.3766465187072754,
        3.639317035675049,
        3.9413421154022217,
        3.721680164337158
    ],
    "is_suc": 0,
    "now_seed": 200005
}