{
    "norm": [
        0.6604781150817871,
        3.66961407661438,
        3.660207986831665,
        3.7159078121185303,
        3.7817654609680176,
        3.6634912490844727,
        4.4456562995910645
    ],
    "is_suc": 1,
    "now_seed": 200001
}