{
    "norm": [
        1.0021169185638428,
        3.798182249069214,
        3.7341678142547607,
        3.830913782119751,
        3.6011602878570557,
        4.3102312088012695,
        4.602454662322998
    ],
    "is_suc": 1,
    "now_seed": 200017
}