{
    "norm": [
        0.6878569722175598,
        3.0546863079071045,
        3.426130533218384,
        3.6818554401397705,
        3.623791456222534,
        4.23160982131958,
        4.817421913146973,
        4.505799770355225,
        4.518568515777588,
        4.366219997406006
    ],
    "is_suc": 1,
    "now_seed": 200008
}