{
    "norm": [
        0.5411841869354248,
        3.522265672683716,
        3.1114776134490967,
        3.508176803588867,
        4.027881145477295,
        4.527853488922119,
        4.144883155822754,
        4.218448162078857,
        4.424253463745117,
        4.471887588500977,
        4.098060607910156,
        4.4468607902526855,
        4.338620662689209,
        4.424151420593262
    ],
    "is_suc": 0,
    "now_seed": 200004
}