{
    "norm": [
        0.4900752305984497,
        3.5703186988830566,
        3.3821396827697754,
        3.761279582977295,
        3.569695234298706,
        3.917978525161743,
        4.861510276794434,
        4.394030570983887,
        4.434579849243164,
        4.349673748016357,
        4.6736674308776855,
        4.247750759124756,
        4.275351524353027,
        4.443572044372559
    ],
    "is_suc": 0,
    "now_seed": 200022
}