{
    "norm": [
        0.6481162309646606,
        3.885287284851074,
        3.917694091796875
    ],
    "is_suc": 0,
    "now_seed": 200012
}