{
    "norm": [
        0.48360905051231384,
        3.631229877471924,
        3.2948057651519775,
        3.8083157539367676,
        3.37237286567688
    ],
    "is_suc": 0,
    "now_seed": 200007
}