{
    "norm": [
        0.7930037379264832,
        3.5049400329589844,
        3.413250684738159,
        3.3475399017333984,
        3.588205337524414
    ],
    "is_suc": 0,
    "now_seed": 200009
}