{
    "norm": [
        0.6544963717460632,
        3.7721784114837646,
        4.181123733520508,
        4.167226314544678,
        3.7301738262176514
    ],
    "is_suc": 0,
    "now_seed": 200016
}