{
    "norm": [
        0.953538715839386,
        3.5462276935577393,
        3.202954053878784,
        3.5058364868164062,
        3.5496881008148193
    ],
    "is_suc": 0,
    "now_seed": 200006
}