{
    "norm": [
        0.7118836045265198,
        3.622197151184082,
        3.9168736934661865,
        4.130172252655029,
        4.033857345581055,
        4.0680341720581055
    ],
    "is_suc": 1,
    "now_seed": 200014
}