{
    "norm": [
        0.9709212779998779,
        4.331318378448486,
        4.577150821685791
    ],
    "is_suc": 0,
    "now_seed": 200003
}