{
    "norm": [
        0.7049527764320374,
        3.722402811050415,
        3.472808599472046,
        4.1559529304504395,
        3.999702215194702
    ],
    "is_suc": 0,
    "now_seed": 200024
}