{
    "norm": [
        0.5250688791275024,
        3.530541181564331,
        3.3202459812164307,
        3.4671943187713623,
        3.495732307434082,
        3.9408466815948486,
        4.7664031982421875
    ],
    "is_suc": 1,
    "now_seed": 200013
}