{
    "norm": [
        0.6403859853744507,
        4.152991771697998,
        3.721322536468506,
        3.9070029258728027,
        3.7404990196228027,
        4.3278045654296875,
        4.631728172302246
    ],
    "is_suc": 1,
    "now_seed": 200021
}