{
    "norm": [
        0.6474736332893372,
        3.223085641860962,
        3.025054931640625,
        3.358778476715088
    ],
    "is_suc": 0,
    "now_seed": 200018
}