{
    "norm": [
        0.7931936979293823,
        3.7509164810180664,
        3.395155906677246
    ],
    "is_suc": 0,
    "now_seed": 200011
}