{
    "norm": [
        0.3948061764240265,
        3.8136098384857178,
        4.161859035491943,
        4.2842912673950195,
        4.383875846862793,
        4.273481369018555
    ],
    "is_suc": 0,
    "now_seed": 200020
}