{
    "norm": [
        0.6439231038093567,
        2.927578926086426,
        3.0395095348358154,
        2.891514778137207,
        3.3496696949005127,
        3.679333209991455,
        3.8192338943481445,
        3.030888080596924
    ],
    "is_suc": 1,
    "now_seed": 200013
}