{
    "norm": [
        0.39237821102142334,
        3.0990312099456787,
        3.6433963775634766,
        3.754246234893799,
        3.7126197814941406,
        3.4053292274475098,
        3.499443769454956,
        3.735341787338257
    ],
    "is_suc": 1,
    "now_seed": 200008
}