{
    "norm": [
        0.8068664073944092,
        3.4775404930114746,
        4.1096930503845215,
        3.881117105484009,
        3.4458866119384766,
        3.4567692279815674,
        3.6379871368408203,
        3.719301700592041,
        3.8985280990600586,
        4.180324554443359,
        4.146030902862549,
        4.097699165344238
    ],
    "is_suc": 0,
    "now_seed": 200006
}