{
    "norm": [
        0.665937602519989,
        2.8441898822784424,
        2.92996883392334,
        2.989734172821045,
        3.189937114715576,
        3.5774483680725098,
        3.5812454223632812,
        3.628955602645874,
        2.7008464336395264,
        3.0581204891204834,
        3.2195401191711426
    ],
    "is_suc": 1,
    "now_seed": 200010
}