{
    "norm": [
        0.5527012348175049,
        3.3100502490997314,
        3.8066365718841553,
        3.792417287826538,
        3.3120107650756836,
        3.412503957748413,
        3.467928171157837,
        3.456563711166382,
        4.33128023147583,
        4.141383647918701,
        4.2797465324401855,
        4.054204940795898
    ],
    "is_suc": 0,
    "now_seed": 200022
}