{
    "norm": [
        0.5577117204666138,
        3.1613950729370117,
        3.85884165763855,
        3.9105172157287598,
        3.2147741317749023,
        3.4117846488952637,
        3.5056896209716797,
        3.6416077613830566,
        4.190249443054199,
        4.060459136962891,
        4.0926833152771,
        4.163229465484619
    ],
    "is_suc": 0,
    "now_seed": 200012
}