{
    "norm": [
        0.8317399621009827,
        2.9285147190093994,
        2.883310079574585,
        2.585432529449463,
        3.0717689990997314,
        3.5807480812072754,
        3.5524113178253174,
        3.2704899311065674,
        2.7823827266693115
    ],
    "is_suc": 1,
    "now_seed": 200005
}