{
    "norm": [
        0.7624948024749756,
        3.354086399078369,
        3.734009265899658,
        3.894301414489746,
        3.1971030235290527,
        3.5357437133789062,
        3.6748874187469482,
        3.8536150455474854,
        4.074494361877441,
        4.21601676940918,
        4.319815158843994,
        4.258840084075928
    ],
    "is_suc": 0,
    "now_seed": 200014
}