{
    "norm": [
        0.5403870344161987,
        3.3303449153900146,
        3.994317054748535,
        3.3664438724517822,
        3.3246474266052246,
        3.78794527053833,
        3.8302977085113525,
        3.9698851108551025,
        4.075242042541504,
        4.192141532897949,
        4.164998531341553,
        4.198672771453857
    ],
    "is_suc": 0,
    "now_seed": 200016
}