{
    "norm": [
        0.6152048110961914,
        3.6405937671661377,
        3.8981106281280518,
        4.042336940765381,
        3.4719913005828857,
        3.4659886360168457,
        3.63337779045105,
        3.546766996383667,
        3.8680355548858643,
        4.025250434875488,
        4.068880558013916,
        4.109236240386963
    ],
    "is_suc": 0,
    "now_seed": 200000
}