{
    "norm": [
        0.5360246300697327,
        2.7829511165618896,
        2.5916836261749268,
        2.7716050148010254,
        2.9159841537475586,
        3.564582347869873,
        3.7803990840911865,
        4.467502593994141,
        2.914268970489502,
        3.1102371215820312,
        2.5488688945770264,
        2.7233736515045166
    ],
    "is_suc": 0,
    "now_seed": 200004
}