{
    "norm": [
        0.3976345658302307,
        3.1478524208068848,
        3.9365246295928955,
        4.076500415802002,
        3.6193788051605225,
        3.4965455532073975,
        3.637645959854126,
        3.731109380722046,
        4.131745338439941
    ],
    "is_suc": 1,
    "now_seed": 200017
}