{
    "norm": [
        0.5655437111854553,
        2.350698232650757,
        3.1267149448394775,
        2.7099719047546387,
        2.7037487030029297,
        3.1398887634277344,
        3.5719821453094482,
        3.154209852218628,
        2.955819845199585
    ],
    "is_suc": 1,
    "now_seed": 200019
}