{
    "norm": [
        0.6851294636726379,
        3.181624174118042,
        3.783156156539917,
        3.7756192684173584,
        3.584129810333252,
        3.374696969985962,
        3.3931150436401367,
        3.4160315990448,
        4.0232744216918945,
        4.049337863922119,
        3.980966329574585,
        4.286157608032227
    ],
    "is_suc": 0,
    "now_seed": 200015
}