{
    "norm": [
        0.7380265593528748,
        3.2663118839263916,
        3.777984619140625,
        3.888486623764038,
        3.50342059135437,
        3.539309501647949,
        3.41167950630188,
        3.526796579360962,
        4.046900749206543,
        4.111160755157471,
        4.13083028793335,
        4.189964771270752
    ],
    "is_suc": 0,
    "now_seed": 200020
}