{
    "norm": [
        0.44992321729660034,
        2.826462507247925,
        3.199680805206299,
        2.7441062927246094,
        3.1459262371063232,
        3.796215057373047,
        3.7295076847076416,
        3.6224582195281982,
        3.1027626991271973,
        2.97550892829895,
        2.9082391262054443,
        3.153674602508545
    ],
    "is_suc": 0,
    "now_seed": 200021
}