{
    "norm": [
        0.4217493236064911,
        2.5800728797912598,
        2.988920211791992,
        2.5273377895355225,
        2.6007230281829834,
        3.2529001235961914,
        3.417193651199341,
        2.975461721420288
    ],
    "is_suc": 1,
    "now_seed": 200002
}