{
    "norm": [
        0.6072264313697815,
        3.8540117740631104,
        3.971592664718628,
        4.119762420654297,
        3.3560032844543457,
        3.4994349479675293,
        3.4849493503570557,
        3.6241250038146973,
        4.00978422164917,
        4.016368865966797,
        4.127804279327393,
        4.203022480010986
    ],
    "is_suc": 0,
    "now_seed": 200011
}