{
    "norm": [
        0.5799762606620789,
        3.547247886657715,
        3.9133176803588867,
        4.047674179077148,
        2.967207908630371,
        3.3914003372192383,
        3.505074977874756,
        3.492741107940674,
        4.143702030181885,
        3.895339012145996,
        4.018095016479492,
        4.104625701904297
    ],
    "is_suc": 0,
    "now_seed": 200001
}