{
    "norm": [
        0.5265565514564514,
        3.1007256507873535,
        3.5218403339385986,
        3.9504120349884033,
        3.3557116985321045,
        3.4058876037597656,
        3.6939616203308105,
        3.6454436779022217,
        4.2380876541137695,
        4.044835090637207,
        4.00706148147583,
        4.046916484832764
    ],
    "is_suc": 0,
    "now_seed": 200009
}