{
    "norm": [
        0.5641272068023682,
        0.724412202835083,
        0.6279056668281555
    ],
    "is_suc": 0,
    "now_seed": 200001
}