{
    "norm": [
        0.7141909003257751,
        0.5367541909217834,
        0.5062885284423828,
        0.3004336655139923,
        0.44669777154922485,
        0.5087168216705322
    ],
    "is_suc": 1,
    "now_seed": 200019
}