{
    "norm": [
        0.5466551184654236,
        0.4912799894809723,
        0.6234293580055237,
        0.4024544060230255,
        0.44199392199516296,
        0.3651529848575592,
        0.23168359696865082
    ],
    "is_suc": 1,
    "now_seed": 200004
}