{
    "norm": [
        0.689582347869873,
        0.47910645604133606,
        0.38155698776245117,
        0.5656428933143616,
        0.5509657263755798,
        0.8153687119483948,
        0.3072490990161896
    ],
    "is_suc": 1,
    "now_seed": 200010
}