{
    "norm": [
        0.6008263826370239,
        0.611675500869751,
        0.6251885890960693,
        0.4652808606624603,
        0.3196699321269989
    ],
    "is_suc": 0,
    "now_seed": 200018
}