{
    "norm": [
        0.5352164506912231,
        0.6388578414916992,
        0.4253678321838379,
        0.4004582464694977,
        0.40317896008491516,
        0.42908620834350586,
        0.3843638002872467
    ],
    "is_suc": 1,
    "now_seed": 200015
}