{
    "norm": [
        0.5770813226699829,
        0.5802773237228394,
        0.6482144594192505,
        0.49853527545928955,
        0.37316063046455383,
        0.49664294719696045,
        0.3654041886329651,
        0.32819196581840515,
        0.31472745537757874,
        0.3001861870288849,
        0.2912706434726715,
        0.2972138524055481,
        0.30269861221313477,
        0.30738282203674316
    ],
    "is_suc": 0,
    "now_seed": 200005
}