{
    "norm": [
        0.555374026298523,
        0.5600574016571045,
        0.5581768751144409,
        0.41195306181907654,
        0.39933109283447266,
        0.408954381942749,
        0.27761340141296387
    ],
    "is_suc": 1,
    "now_seed": 200000
}