{
    "norm": [
        0.5946135520935059,
        0.5873427987098694,
        0.28711989521980286,
        0.39952898025512695,
        0.3852054476737976,
        0.6635621786117554,
        0.33011162281036377
    ],
    "is_suc": 1,
    "now_seed": 200007
}