{
    "norm": [
        0.5572640895843506,
        0.723380982875824,
        0.6726207137107849
    ],
    "is_suc": 0,
    "now_seed": 200016
}