{
    "norm": [
        0.548961877822876,
        0.5156379342079163,
        0.5961554646492004,
        0.38872987031936646,
        0.39984261989593506,
        0.35892829298973083,
        0.35120266675949097
    ],
    "is_suc": 1,
    "now_seed": 200012
}