{
    "norm": [
        0.6594817042350769,
        0.504000186920166,
        0.26388218998908997,
        0.3152899146080017,
        0.37338829040527344,
        0.4928838312625885,
        0.3195185959339142,
        0.29448872804641724,
        0.28723153471946716,
        0.26870375871658325,
        0.2560887336730957,
        0.2500362992286682,
        0.25470250844955444,
        0.2671121060848236
    ],
    "is_suc": 0,
    "now_seed": 200017
}