{
    "norm": [
        0.7435272336006165,
        0.5442239046096802,
        0.5127522349357605,
        0.4058188796043396,
        0.3932243883609772,
        0.42205652594566345,
        0.369048535823822,
        0.313292533159256,
        0.28812092542648315,
        0.27032944560050964,
        0.2579537630081177,
        0.2428627908229828,
        0.23829038441181183,
        0.24567526578903198
    ],
    "is_suc": 0,
    "now_seed": 200013
}