{
    "norm": [
        0.5456125140190125,
        0.5706071257591248,
        0.6762651801109314,
        0.5556230545043945,
        0.5443711876869202,
        0.415708988904953,
        0.3333262503147125,
        0.2643592059612274,
        0.24846521019935608,
        0.23828062415122986,
        0.23601895570755005,
        0.230062335729599,
        0.23269446194171906,
        0.23622524738311768
    ],
    "is_suc": 0,
    "now_seed": 200011
}