{
    "norm": [
        0.5390328764915466,
        0.6801489591598511,
        0.6685903072357178
    ],
    "is_suc": 0,
    "now_seed": 200006
}