{
    "norm": [
        0.7389994263648987,
        0.5377411246299744,
        0.7729200124740601,
        0.5765088200569153,
        0.43937087059020996,
        0.40440893173217773
    ],
    "is_suc": 1,
    "now_seed": 200002
}