{
    "norm": [
        0.550010085105896,
        0.7122166752815247,
        0.694737434387207
    ],
    "is_suc": 0,
    "now_seed": 200009
}