{
    "norm": [
        0.6433334946632385,
        0.5219674110412598,
        0.20622996985912323,
        0.4401457607746124,
        0.559147298336029,
        0.5535783767700195,
        0.31305697560310364
    ],
    "is_suc": 1,
    "now_seed": 200014
}