{
    "norm": [
        0.5852048993110657,
        0.628865659236908,
        0.4557095766067505,
        0.46675872802734375,
        0.5145850777626038
    ],
    "is_suc": 0,
    "now_seed": 200008
}