{
    "norm": [
        0.7625546455383301,
        0.5427401065826416,
        0.5676334500312805,
        0.38234612345695496,
        0.6009631156921387,
        0.5071378350257874,
        0.43098488450050354,
        0.23756633698940277,
        0.2382867932319641,
        0.23310701549053192,
        0.23340454697608948,
        0.2274019867181778,
        0.22658252716064453,
        0.22684945166110992
    ],
    "is_suc": 0,
    "now_seed": 200003
}