{
    "norm": [
        0.6988711357116699,
        3.2846572399139404,
        3.221811294555664
    ],
    "is_suc": 0,
    "now_seed": 200005
}