{
    "norm": [
        0.6679401993751526,
        3.6553709506988525,
        3.758958578109741
    ],
    "is_suc": 0,
    "now_seed": 200020
}