{
    "norm": [
        0.8285726308822632,
        3.633450746536255,
        2.8468551635742188,
        3.54020357131958,
        3.3755154609680176,
        3.51210355758667,
        3.8625121116638184
    ],
    "is_suc": 1,
    "now_seed": 200018
}