{
    "norm": [
        0.5916645526885986,
        3.9739086627960205,
        3.8953630924224854
    ],
    "is_suc": 0,
    "now_seed": 200002
}