{
    "norm": [
        0.9522323608398438,
        4.045140266418457,
        3.482304096221924
    ],
    "is_suc": 0,
    "now_seed": 200017
}