{
    "norm": [
        0.8899673819541931,
        3.7852797508239746,
        3.817707061767578
    ],
    "is_suc": 0,
    "now_seed": 200012
}