{
    "norm": [
        0.56602543592453,
        3.6384527683258057,
        3.1014838218688965
    ],
    "is_suc": 0,
    "now_seed": 200009
}