{
    "norm": [
        0.49130144715309143,
        3.6216650009155273,
        3.499267578125,
        3.9498112201690674,
        3.986868143081665,
        3.908318281173706,
        4.418277740478516
    ],
    "is_suc": 1,
    "now_seed": 200014
}