{
    "norm": [
        0.6112417578697205,
        3.7354445457458496,
        3.3591766357421875,
        3.690157890319824,
        3.7072668075561523,
        3.7061235904693604,
        4.13806676864624
    ],
    "is_suc": 1,
    "now_seed": 200001
}