{
    "norm": [
        0.3629765212535858,
        3.7320899963378906,
        3.4178993701934814,
        3.612184762954712,
        3.8075783252716064,
        4.05736780166626,
        4.821101665496826,
        4.101474761962891,
        4.146389484405518,
        4.140239715576172,
        4.190502166748047,
        4.401157855987549,
        4.4038190841674805,
        4.305457592010498
    ],
    "is_suc": 0,
    "now_seed": 200022
}