{
    "norm": [
        0.8247380256652832,
        4.152120113372803,
        3.482548236846924
    ],
    "is_suc": 0,
    "now_seed": 200024
}