{
    "norm": [
        0.7682860493659973,
        3.2784318923950195,
        2.9358935356140137,
        3.4323654174804688,
        3.642563819885254,
        3.943572998046875,
        3.713592529296875,
        4.060471534729004,
        3.994927167892456,
        4.251703262329102,
        4.147754669189453,
        3.99515438079834,
        4.001820087432861,
        3.9521894454956055
    ],
    "is_suc": 0,
    "now_seed": 200004
}