{
    "norm": [
        0.868948221206665,
        3.903878927230835,
        3.5008432865142822,
        3.4855968952178955,
        3.8963820934295654
    ],
    "is_suc": 0,
    "now_seed": 200007
}