{
    "norm": [
        0.5312785506248474,
        3.8882195949554443,
        2.881157398223877,
        3.671867847442627,
        3.741295576095581
    ],
    "is_suc": 0,
    "now_seed": 200006
}