{
    "norm": [
        0.7462973594665527,
        3.6866986751556396,
        3.4884471893310547,
        3.4184041023254395,
        3.4756057262420654,
        3.4377334117889404
    ],
    "is_suc": 0,
    "now_seed": 200013
}