{
    "norm": [
        0.4512796998023987,
        3.744163751602173,
        3.812589645385742
    ],
    "is_suc": 0,
    "now_seed": 200021
}