{
    "norm": [
        0.46090462803840637,
        3.6090619564056396,
        3.3460097312927246
    ],
    "is_suc": 0,
    "now_seed": 200008
}