{
    "norm": [
        0.44810721278190613,
        4.1985039710998535,
        4.0489912033081055,
        4.1563544273376465,
        3.7786285877227783
    ],
    "is_suc": 0,
    "now_seed": 200016
}