{
    "norm": [
        0.860801100730896,
        3.8824899196624756,
        4.044126987457275
    ],
    "is_suc": 0,
    "now_seed": 200011
}