{
    "norm": [
        0.8943622708320618,
        4.104491233825684,
        4.487044334411621
    ],
    "is_suc": 0,
    "now_seed": 200003
}