{
    "norm": [
        0.3009131848812103,
        0.2420188933610916,
        0.18987539410591125
    ],
    "is_suc": 0,
    "now_seed": 200017
}