{
    "norm": [
        0.410746693611145,
        0.3088858425617218,
        0.4973274767398834,
        0.5093595385551453,
        0.3159933388233185,
        0.266365647315979,
        0.24185949563980103,
        0.24102696776390076,
        0.2666075527667999,
        0.3209955394268036,
        0.32080379128456116,
        0.32643643021583557,
        0.32076263427734375,
        0.22622562944889069
    ],
    "is_suc": 0,
    "now_seed": 200001
}