{
    "norm": [
        0.35594019293785095,
        0.24580158293247223,
        0.22131286561489105,
        0.2909216582775116,
        0.3545553982257843,
        0.3906402885913849,
        0.19748416543006897,
        0.23779672384262085,
        0.2517023980617523,
        0.31552577018737793,
        0.295535683631897,
        0.33492425084114075,
        0.25235214829444885,
        0.23711971938610077
    ],
    "is_suc": 0,
    "now_seed": 200007
}