{
    "norm": [
        0.2992191016674042,
        0.25902271270751953,
        0.40103432536125183,
        0.7251726388931274
    ],
    "is_suc": 0,
    "now_seed": 200014
}