{
    "norm": [
        0.26919856667518616,
        0.24437008798122406,
        0.2339065670967102,
        0.34538060426712036
    ],
    "is_suc": 0,
    "now_seed": 200019
}