{
    "norm": [
        0.4203699231147766,
        0.2871057987213135,
        0.41681474447250366,
        0.41971147060394287,
        0.2667781412601471,
        0.2559409439563751,
        0.22854389250278473,
        0.22957651317119598,
        0.24156467616558075,
        0.3112533986568451,
        0.3145388066768646,
        0.3323953151702881,
        0.2706962823867798,
        0.22319170832633972
    ],
    "is_suc": 0,
    "now_seed": 200012
}