{
    "norm": [
        0.4121188819408417,
        0.3058401644229889,
        0.4659814238548279
    ],
    "is_suc": 0,
    "now_seed": 200009
}