{
    "norm": [
        0.25357553362846375,
        0.3471067249774933,
        0.4122273921966553,
        0.42216044664382935,
        0.39311984181404114,
        0.3681034445762634,
        0.21521535515785217,
        0.207353413105011,
        0.24471992254257202,
        0.31122833490371704,
        0.28600266575813293,
        0.3527948260307312,
        0.27954724431037903,
        0.2251482456922531
    ],
    "is_suc": 0,
    "now_seed": 200002
}