{
    "norm": [
        0.34419095516204834,
        0.2740834057331085,
        0.36052578687667847,
        0.38105782866477966,
        0.27287018299102783,
        0.26988667249679565,
        0.2174420803785324,
        0.22615037858486176,
        0.24964845180511475,
        0.287121444940567,
        0.3142583668231964,
        0.3683181703090668,
        0.28850430250167847,
        0.2374885529279709
    ],
    "is_suc": 0,
    "now_seed": 200018
}