{
    "norm": [
        0.2607237696647644,
        0.3190249800682068,
        0.34288841485977173
    ],
    "is_suc": 0,
    "now_seed": 200003
}