{
    "norm": [
        0.387399286031723,
        0.26585423946380615,
        0.3623061776161194,
        0.347944974899292,
        0.25620898604393005,
        0.2541699707508087,
        0.20880964398384094,
        0.2297583371400833,
        0.2600952386856079,
        0.34177088737487793,
        0.29662978649139404,
        0.3308491110801697,
        0.29533207416534424,
        0.22426220774650574
    ],
    "is_suc": 0,
    "now_seed": 200004
}