{
    "norm": [
        0.43177297711372375,
        0.30853334069252014,
        0.32013463973999023,
        0.31536534428596497,
        0.31477680802345276,
        0.3529837131500244,
        0.19730597734451294,
        0.22539302706718445,
        0.26482176780700684,
        0.3147631883621216,
        0.30117419362068176,
        0.36378371715545654,
        0.29043227434158325,
        0.21915490925312042
    ],
    "is_suc": 0,
    "now_seed": 200015
}