{
    "norm": [
        0.3972443640232086,
        0.263303279876709,
        0.3224430978298187,
        0.3326197564601898,
        0.26633623242378235,
        0.2559990882873535,
        0.21704715490341187,
        0.24686439335346222,
        0.2683621942996979,
        0.3264894187450409,
        0.3160730004310608,
        0.3577737808227539,
        0.2826540768146515,
        0.21548610925674438
    ],
    "is_suc": 0,
    "now_seed": 200000
}