{
    "norm": [
        0.3882458806037903,
        0.3212861716747284,
        0.49985694885253906,
        0.5144155025482178
    ],
    "is_suc": 0,
    "now_seed": 200006
}