{
    "norm": [
        0.2530021667480469,
        0.2650054395198822,
        0.2554164230823517
    ],
    "is_suc": 0,
    "now_seed": 200013
}