{
    "norm": [
        0.4285009205341339,
        0.3187292516231537,
        0.33563217520713806
    ],
    "is_suc": 0,
    "now_seed": 200008
}