{
    "norm": [
        0.27786076068878174,
        0.2590458393096924,
        0.40883153676986694,
        0.6897454261779785
    ],
    "is_suc": 0,
    "now_seed": 200010
}