{
    "norm": [
        0.38907185196876526,
        0.2700939476490021,
        0.45996713638305664,
        0.41505008935928345,
        0.2834055721759796,
        0.27075469493865967,
        0.27427801489830017,
        0.21274742484092712,
        0.23741750419139862,
        0.29243528842926025,
        0.3893260955810547,
        0.4339331388473511,
        0.3306901752948761,
        0.2731359302997589
    ],
    "is_suc": 0,
    "now_seed": 200005
}