{
    "norm": [
        0.4153977334499359,
        0.31413236260414124,
        0.4340463876724243
    ],
    "is_suc": 0,
    "now_seed": 200016
}