{
    "norm": [
        0.3838372528553009,
        0.2894524335861206,
        0.4837445318698883,
        0.4806463122367859,
        0.3347947597503662,
        0.2858844995498657,
        0.23315145075321198,
        0.2312714159488678,
        0.2703539729118347,
        0.32188963890075684,
        0.3035992383956909,
        0.33579927682876587,
        0.27384623885154724,
        0.22965949773788452
    ],
    "is_suc": 0,
    "now_seed": 200011
}