{
    "norm": [
        0.44067463278770447,
        3.5685203075408936,
        3.45015811920166,
        3.764287233352661,
        3.579883575439453,
        3.7153279781341553,
        4.4396209716796875
    ],
    "is_suc": 1,
    "now_seed": 200010
}