{
    "norm": [
        0.5045774579048157,
        3.4261698722839355,
        3.20678973197937,
        3.0377089977264404,
        3.7719430923461914,
        3.6259405612945557,
        4.650175094604492,
        4.592591285705566,
        4.855750560760498,
        4.403210163116455,
        4.739065170288086,
        4.7473602294921875,
        4.571556091308594,
        4.642205715179443
    ],
    "is_suc": 0,
    "now_seed": 200003
}