{
    "norm": [
        0.8806625008583069,
        3.99432110786438,
        3.6024181842803955
    ],
    "is_suc": 0,
    "now_seed": 200009
}