{
    "norm": [
        0.5427612066268921,
        3.906599283218384,
        3.770564079284668,
        3.464900255203247,
        3.4301483631134033,
        4.1426544189453125,
        4.477456092834473
    ],
    "is_suc": 1,
    "now_seed": 200007
}