{
    "norm": [
        0.8360018134117126,
        3.719902276992798,
        3.5900895595550537,
        3.781778335571289,
        3.962345600128174,
        4.443517684936523,
        4.6655097007751465
    ],
    "is_suc": 1,
    "now_seed": 200004
}