{
    "norm": [
        0.7685479521751404,
        3.795008659362793,
        3.4689877033233643,
        3.7083122730255127,
        3.4441819190979004,
        4.00714635848999,
        4.45831823348999
    ],
    "is_suc": 1,
    "now_seed": 200014
}