{
    "norm": [
        0.898632287979126,
        3.514331340789795,
        3.209125280380249,
        3.601952075958252,
        3.9279797077178955,
        4.116844654083252
    ],
    "is_suc": 1,
    "now_seed": 200002
}