{
    "norm": [
        0.6637058258056641,
        4.078134536743164,
        3.6719322204589844
    ],
    "is_suc": 0,
    "now_seed": 200006
}