{
    "norm": [
        0.8693397641181946,
        4.07261323928833,
        3.8938276767730713
    ],
    "is_suc": 0,
    "now_seed": 200001
}