{
    "norm": [
        0.6705067157745361,
        3.8964805603027344,
        3.5270047187805176,
        3.9225876331329346,
        4.233086109161377,
        4.465476036071777,
        4.762432098388672
    ],
    "is_suc": 1,
    "now_seed": 200012
}