{
    "norm": [
        0.7424103021621704,
        3.5229315757751465,
        3.3422389030456543,
        3.4764208793640137,
        3.389909505844116,
        3.5862038135528564,
        4.337179660797119,
        4.630909442901611,
        4.6947550773620605,
        4.637921333312988,
        4.651824474334717,
        4.389954566955566,
        4.598204612731934,
        4.1180596351623535
    ],
    "is_suc": 0,
    "now_seed": 200013
}