{
    "norm": [
        0.7740659713745117,
        3.260007858276367,
        3.401615619659424,
        3.3071746826171875,
        3.7037885189056396,
        3.7481327056884766
    ],
    "is_suc": 1,
    "now_seed": 200019
}