{
    "norm": [
        0.5994283556938171,
        3.8131284713745117,
        3.1831305027008057,
        3.3831474781036377,
        4.001091003417969,
        3.7282025814056396,
        4.452608108520508,
        4.393293380737305,
        4.794376850128174,
        4.379517555236816,
        4.425606727600098,
        4.899542808532715,
        4.841002464294434,
        4.264916896820068
    ],
    "is_suc": 0,
    "now_seed": 200017
}