{
    "norm": [
        0.7722024321556091,
        3.768683910369873,
        4.016580104827881
    ],
    "is_suc": 0,
    "now_seed": 200016
}