{
    "norm": [
        1.0119719505310059,
        4.033483028411865,
        3.6479601860046387,
        4.262840747833252,
        3.9665794372558594,
        4.244578838348389,
        4.8535590171813965
    ],
    "is_suc": 1,
    "now_seed": 200000
}