{
    "norm": [
        0.8480511903762817,
        4.255298137664795,
        4.367539405822754,
        4.332984924316406,
        4.252812385559082,
        4.4911274909973145,
        4.473623275756836
    ],
    "is_suc": 1,
    "now_seed": 200015
}