{
    "norm": [
        0.7757512331008911,
        4.126441478729248,
        3.2671384811401367,
        4.055407524108887,
        4.02531099319458,
        4.545174598693848,
        4.309761047363281,
        4.29041051864624,
        4.2027459144592285,
        4.441988468170166,
        4.651001930236816,
        4.466577053070068,
        4.219692707061768,
        4.325146675109863
    ],
    "is_suc": 0,
    "now_seed": 200005
}