{
    "norm": [
        0.38993531465530396,
        4.034741401672363,
        3.8283746242523193,
        4.283563613891602,
        3.982351779937744
    ],
    "is_suc": 0,
    "now_seed": 200008
}