{
    "norm": [
        0.9675188660621643,
        3.7850558757781982,
        3.6233649253845215,
        3.823814868927002,
        4.122453689575195
    ],
    "is_suc": 0,
    "now_seed": 200018
}