{
    "norm": [
        0.4975273013114929,
        3.3853280544281006,
        3.6141605377197266,
        4.522988796234131,
        4.54232120513916,
        4.462272644042969,
        4.644378185272217,
        4.592044353485107,
        4.568813323974609,
        4.890665054321289,
        4.604008674621582,
        4.2716217041015625,
        4.643874645233154,
        4.597236633300781
    ],
    "is_suc": 0,
    "now_seed": 200011
}