{
    "norm": [
        0.26899388432502747,
        2.663828134536743,
        2.9649555683135986,
        2.9071552753448486,
        3.7638051509857178,
        3.9426429271698,
        3.982832908630371,
        4.1418776512146,
        3.9490561485290527,
        3.70524263381958,
        3.2738397121429443
    ],
    "is_suc": 0,
    "now_seed": 200019
}