{
    "norm": [
        0.8035078644752502,
        2.62044358253479,
        2.782865524291992,
        2.9521372318267822,
        3.229059934616089,
        3.710869312286377,
        3.920215368270874,
        3.8550281524658203,
        3.8446450233459473,
        3.2285332679748535,
        3.4059133529663086
    ],
    "is_suc": 0,
    "now_seed": 200013
}