{
    "norm": [
        0.4923205077648163,
        3.1094789505004883,
        2.859815835952759,
        3.0484015941619873,
        3.8111517429351807,
        3.4042718410491943,
        3.8699872493743896,
        4.44005012512207,
        3.633474588394165,
        3.5857203006744385,
        3.365947961807251,
        2.4914519786834717,
        2.368283271789551,
        2.28250789642334
    ],
    "is_suc": 1,
    "now_seed": 200014
}