{
    "norm": [
        0.45079201459884644,
        2.8418872356414795,
        3.4396848678588867
    ],
    "is_suc": 0,
    "now_seed": 200016
}