{
    "norm": [
        0.5375333428382874,
        2.396131992340088,
        3.385345458984375,
        3.358487844467163,
        3.753425121307373,
        3.3417863845825195,
        4.049699306488037,
        3.974296808242798,
        3.8958044052124023,
        3.6046090126037598,
        3.6376800537109375,
        2.271381139755249,
        2.574306011199951,
        2.3808724880218506
    ],
    "is_suc": 1,
    "now_seed": 200017
}