{
    "norm": [
        0.4507191479206085,
        2.8587698936462402,
        3.0285935401916504,
        3.32027006149292,
        4.201998233795166,
        4.12802791595459,
        3.7536871433258057,
        4.330489158630371,
        3.7671396732330322,
        3.2774579524993896,
        3.241786479949951,
        2.112170696258545,
        2.2487735748291016,
        2.408102035522461
    ],
    "is_suc": 1,
    "now_seed": 200001
}