{
    "norm": [
        0.5602409839630127,
        2.5098683834075928,
        3.4077858924865723,
        3.4668591022491455,
        4.343136310577393,
        4.121636867523193,
        4.247624397277832,
        4.203592777252197,
        3.8770346641540527,
        3.7938902378082275,
        3.638059616088867,
        2.181370258331299,
        2.418937921524048
    ],
    "is_suc": 1,
    "now_seed": 200012
}