{
    "norm": [
        0.38938450813293457,
        2.630190372467041,
        3.5223276615142822,
        3.330044984817505,
        4.472322940826416,
        4.049354553222656,
        4.461575984954834,
        4.126375198364258,
        3.896440029144287,
        3.569261312484741,
        3.2926478385925293,
        2.25980281829834,
        2.4296629428863525,
        2.374636173248291
    ],
    "is_suc": 1,
    "now_seed": 200011
}