{
    "norm": [
        0.5367074012756348,
        2.838604688644409,
        3.394916296005249,
        3.2742245197296143,
        3.7188892364501953,
        3.8456437587738037,
        4.083662986755371,
        4.083574295043945,
        3.9718339443206787,
        3.5390989780426025,
        3.4310364723205566,
        2.2070679664611816,
        2.2398223876953125,
        2.312793731689453,
        2.492112398147583,
        2.382265329360962,
        2.5071496963500977,
        2.3885064125061035,
        2.2792932987213135,
        2.2995223999023438
    ],
    "is_suc": 0,
    "now_seed": 200018
}