{
    "norm": [
        0.630111038684845,
        2.5729970932006836,
        2.8488218784332275,
        3.2114877700805664,
        3.3736579418182373,
        3.5972907543182373,
        3.6308951377868652,
        4.291407108306885,
        3.6990864276885986,
        3.8281562328338623,
        3.146719455718994,
        2.5650949478149414,
        2.2668328285217285,
        2.631096363067627
    ],
    "is_suc": 1,
    "now_seed": 200010
}