{
    "norm": [
        0.373295396566391,
        2.5707778930664062,
        2.934574604034424,
        3.330641984939575,
        3.8548028469085693,
        4.077293872833252,
        4.243305683135986,
        4.4194440841674805,
        3.771268606185913,
        3.410269260406494,
        3.7591147422790527,
        2.3319649696350098,
        2.077059268951416,
        1.96537184715271
    ],
    "is_suc": 1,
    "now_seed": 200007
}