{
    "norm": [
        0.4923346936702728,
        2.3068857192993164,
        2.748581886291504,
        3.3014883995056152,
        4.146360397338867,
        3.641465187072754,
        4.41037654876709,
        4.407123565673828,
        3.826709747314453,
        3.606017589569092,
        3.3397605419158936,
        2.128964900970459,
        2.6408677101135254,
        2.3681583404541016
    ],
    "is_suc": 1,
    "now_seed": 200005
}