{
    "norm": [
        0.6126389503479004,
        2.889509916305542,
        2.9312520027160645,
        3.410677909851074,
        4.29085111618042,
        4.075036525726318,
        3.8529937267303467,
        4.230747222900391,
        3.8423993587493896,
        3.789426565170288,
        3.2615931034088135,
        2.0895631313323975,
        2.7001218795776367,
        2.258559465408325
    ],
    "is_suc": 1,
    "now_seed": 200000
}