{
    "norm": [
        0.7879456281661987,
        2.8845417499542236,
        3.66451358795166,
        3.5019290447235107,
        4.1892619132995605,
        4.647778034210205,
        4.065648555755615,
        4.146600723266602,
        4.017007827758789,
        3.348893165588379,
        3.0359673500061035,
        2.5822091102600098,
        2.3317501544952393,
        2.2208666801452637
    ],
    "is_suc": 1,
    "now_seed": 200015
}