{
    "norm": [
        0.5227125883102417,
        2.6740238666534424,
        3.0260207653045654,
        3.132519245147705,
        4.7273993492126465,
        3.907477617263794,
        4.151617050170898,
        4.174296855926514,
        3.954831600189209,
        3.4593257904052734,
        3.5416014194488525,
        2.172863721847534,
        2.68943452835083,
        2.523656129837036
    ],
    "is_suc": 1,
    "now_seed": 200004
}