{
    "norm": [
        0.46111172437667847,
        2.904872417449951,
        2.8778204917907715,
        3.2234716415405273,
        3.7156925201416016,
        3.293130874633789,
        3.995730400085449,
        4.0279388427734375,
        3.865844249725342,
        3.497204303741455,
        3.5460574626922607,
        2.3437705039978027,
        2.3110523223876953,
        2.274718761444092,
        2.4565839767456055,
        2.342583179473877,
        2.307271957397461,
        2.477386474609375,
        2.4562785625457764,
        2.669975757598877
    ],
    "is_suc": 0,
    "now_seed": 200002
}