{
    "norm": [
        0.5246818661689758,
        2.972301483154297,
        3.886532783508301,
        3.803633689880371,
        4.605369567871094,
        4.407636642456055,
        4.148131370544434,
        3.793524980545044,
        3.878532886505127,
        3.8349523544311523,
        3.4173078536987305,
        3.151096820831299,
        2.207888603210449,
        2.5266332626342773,
        2.236959218978882,
        2.380176305770874,
        2.387115955352783,
        2.3691163063049316,
        2.3546407222747803,
        2.3050901889801025
    ],
    "is_suc": 0,
    "now_seed": 200009
}