{
    "norm": [
        0.6222644448280334,
        2.7146244049072266,
        3.166079521179199,
        3.8232386112213135,
        4.349623680114746,
        4.494524955749512,
        4.189070224761963,
        4.265607833862305,
        3.707949638366699,
        3.4807426929473877,
        3.2053301334381104,
        2.3817644119262695,
        2.3869388103485107,
        2.2754034996032715,
        2.294837713241577,
        2.2255332469940186,
        2.163083553314209,
        2.3598573207855225,
        2.1602988243103027,
        2.255916118621826
    ],
    "is_suc": 0,
    "now_seed": 200006
}