{
    "norm": [
        0.49272942543029785,
        2.826569080352783,
        2.8068158626556396,
        2.687957525253296,
        4.0229363441467285,
        3.5507540702819824,
        3.934493064880371,
        4.118951797485352,
        3.749931812286377,
        3.584580183029175,
        3.274679183959961,
        2.431480884552002,
        2.322633743286133,
        2.275590658187866
    ],
    "is_suc": 1,
    "now_seed": 200003
}