{
    "norm": [
        0.4601381719112396,
        2.984102725982666,
        3.0018770694732666,
        3.5334744453430176,
        4.505063056945801,
        4.974026203155518,
        4.307347774505615,
        4.714382171630859,
        3.821601629257202,
        3.730111837387085,
        3.3960115909576416,
        2.2983238697052,
        2.380807876586914,
        2.080284833908081
    ],
    "is_suc": 1,
    "now_seed": 200008
}