{
    "norm": [
        0.6537425518035889,
        0.4915620982646942,
        0.38698136806488037,
        0.27931684255599976,
        0.22899922728538513,
        0.15791235864162445,
        0.22483134269714355,
        0.40885722637176514,
        0.3574385344982147,
        0.29370611906051636,
        0.39193689823150635,
        0.5905930399894714,
        0.43129512667655945,
        0.25650909543037415,
        0.263668417930603,
        0.17127978801727295,
        0.3590785264968872,
        0.11962839961051941,
        0.1727941334247589,
        0.2702864408493042
    ],
    "is_suc": 0,
    "now_seed": 200013
}