{
    "norm": [
        0.666345477104187,
        0.45948952436447144,
        0.3545793294906616,
        0.40835946798324585,
        0.4377334415912628,
        0.18093080818653107,
        0.2525445520877838,
        0.4109622538089752,
        0.32456353306770325,
        0.3622141182422638,
        0.40031999349594116,
        0.502085268497467,
        0.4818066358566284,
        0.38378891348838806,
        0.2714364230632782,
        0.2260599136352539,
        0.2225525975227356,
        0.3226861357688904,
        0.13683196902275085,
        0.23427322506904602
    ],
    "is_suc": 0,
    "now_seed": 200017
}