{
    "norm": [
        0.6196844577789307,
        0.3985830545425415,
        0.26273012161254883,
        0.26625916361808777,
        0.319882333278656,
        0.15117819607257843,
        0.2615397572517395,
        0.4096514582633972,
        0.31234538555145264,
        0.3865357041358948,
        0.5487273335456848,
        0.7478533387184143,
        0.6306490898132324,
        0.24427194893360138,
        0.25660794973373413,
        0.22791236639022827,
        0.22899988293647766,
        0.30722904205322266,
        0.24112141132354736,
        0.31972411274909973
    ],
    "is_suc": 0,
    "now_seed": 200010
}