{
    "norm": [
        0.5739654898643494,
        0.32446160912513733,
        0.3072226345539093,
        0.24182158708572388,
        0.47718727588653564,
        0.30923914909362793,
        0.2748144567012787,
        0.2745232880115509,
        0.4097442924976349,
        0.5840272307395935,
        0.2684660255908966,
        0.388089120388031,
        0.2723144590854645,
        0.3108803331851959,
        0.3211091458797455,
        0.36692696809768677,
        0.4053691625595093,
        0.31683096289634705,
        0.32030850648880005,
        0.4998282194137573
    ],
    "is_suc": 0,
    "now_seed": 200009
}