{
    "norm": [
        0.6035615801811218,
        0.2989587187767029,
        0.2461508959531784,
        0.27365005016326904,
        0.4241180419921875,
        0.29148486256599426,
        0.24544568359851837,
        0.26452207565307617,
        0.2700168192386627,
        0.28972098231315613,
        0.26548659801483154,
        0.24381713569164276,
        0.2721650302410126,
        0.23593169450759888,
        0.2922118306159973,
        0.2696700096130371,
        0.18438328802585602,
        0.6094076037406921,
        0.33921530842781067,
        0.23488351702690125
    ],
    "is_suc": 0,
    "now_seed": 200008
}