{
    "norm": [
        0.6244432330131531,
        0.3964844346046448,
        0.1770843118429184,
        0.23293249309062958,
        0.3084983229637146,
        0.31274479627609253,
        0.286211222410202,
        0.28660833835601807,
        0.2820685803890228,
        0.3059003949165344,
        0.29685112833976746,
        0.25014013051986694,
        0.21711167693138123,
        0.26005277037620544,
        0.21036814153194427,
        0.20123106241226196,
        0.25261449813842773,
        0.2761971950531006,
        0.28376999497413635,
        0.2718223035335541
    ],
    "is_suc": 0,
    "now_seed": 200000
}