{
    "norm": [
        0.6355424523353577,
        0.46317118406295776,
        0.41738349199295044,
        0.26734480261802673,
        0.24714934825897217,
        0.2070065140724182,
        0.21045905351638794,
        0.21657617390155792,
        0.23987506330013275,
        0.2249356359243393,
        0.2487037628889084,
        0.24675528705120087,
        0.25878188014030457,
        0.25738784670829773,
        0.25990840792655945,
        0.2659892141819,
        0.26767224073410034,
        0.27651041746139526,
        0.2700634300708771,
        0.27842646837234497
    ],
    "is_suc": 0,
    "now_seed": 200003
}