{
    "norm": [
        0.6751367449760437,
        0.43347999453544617,
        0.30847108364105225,
        0.3116949796676636,
        0.24973838031291962,
        0.16042619943618774,
        0.22788655757904053,
        0.4115561842918396,
        0.37618541717529297,
        0.3071199059486389,
        0.4258381128311157,
        0.5569875240325928,
        0.46486786007881165,
        0.29150182008743286,
        0.27817502617836,
        0.27065369486808777,
        0.2508845627307892,
        0.3379765748977661,
        0.2528659701347351,
        0.21678778529167175
    ],
    "is_suc": 0,
    "now_seed": 200019
}