{
    "norm": [
        0.5972604751586914,
        0.3580165505409241,
        0.339528888463974,
        0.3967820703983307,
        0.5063468813896179,
        0.35112398862838745,
        0.2733266055583954,
        0.2887462377548218,
        0.28813642263412476,
        0.29556000232696533,
        0.21556076407432556,
        0.574245035648346,
        0.35173696279525757,
        0.21212540566921234,
        0.17804229259490967,
        0.291465699672699,
        0.27627602219581604,
        0.30552729964256287,
        0.28322839736938477,
        0.230485200881958
    ],
    "is_suc": 0,
    "now_seed": 200015
}