{
    "norm": [
        0.6505247950553894,
        0.4653708040714264,
        0.3581851124763489,
        0.3044743537902832,
        0.18348611891269684,
        0.18649691343307495,
        0.22379805147647858,
        0.21006250381469727,
        0.22835756838321686,
        0.21527713537216187,
        0.2349715232849121,
        0.22662043571472168,
        0.24451160430908203,
        0.2335616797208786,
        0.24673956632614136,
        0.2290445864200592,
        0.2403479516506195,
        0.23108698427677155,
        0.24767114222049713,
        0.23517517745494843
    ],
    "is_suc": 0,
    "now_seed": 200007
}