{
    "norm": [
        0.5583590865135193,
        0.3458799421787262,
        0.4428119957447052,
        0.5545404553413391,
        0.6537212133407593,
        0.4397834837436676,
        0.2651163339614868,
        0.2629801332950592,
        0.2776004374027252,
        0.32329243421554565,
        0.304375022649765,
        0.2724835276603699,
        0.29093706607818604,
        0.2712768018245697,
        0.24759767949581146,
        0.260676771402359,
        0.28827255964279175,
        0.27303120493888855,
        0.2615604102611542,
        0.28835374116897583
    ],
    "is_suc": 0,
    "now_seed": 200001
}