{
    "norm": [
        0.6433895230293274,
        0.4487127959728241,
        0.4780561029911041,
        0.3366681933403015,
        0.2819584906101227,
        0.19431520998477936,
        0.20841330289840698,
        0.21121583878993988,
        0.2311333268880844,
        0.23355188965797424,
        0.22592377662658691,
        0.24330656230449677,
        0.23928803205490112,
        0.26254355907440186,
        0.23051509261131287,
        0.25655797123908997,
        0.254594087600708,
        0.29401853680610657,
        0.25251835584640503,
        0.291080504655838
    ],
    "is_suc": 0,
    "now_seed": 200002
}