{
    "norm": [
        0.5763410925865173,
        0.32426488399505615,
        0.30996838212013245,
        0.46372827887535095,
        0.3932882249355316,
        0.27430567145347595,
        0.2932424545288086,
        0.2772442698478699,
        0.2586495280265808,
        0.6117954850196838,
        0.6241332292556763,
        0.2881779670715332,
        0.36963286995887756,
        0.21231356263160706,
        0.26617977023124695,
        0.26372626423835754,
        0.2965480089187622,
        0.4200146496295929,
        0.34260058403015137,
        0.17494627833366394
    ],
    "is_suc": 0,
    "now_seed": 200012
}