{
    "norm": [
        0.616019606590271,
        0.4793655276298523,
        0.18246525526046753,
        0.3120383024215698,
        0.2500467002391815,
        0.3273303806781769,
        0.30653709173202515,
        0.3054196238517761,
        0.4276430606842041,
        0.5188724994659424,
        0.2927713394165039,
        0.387271523475647,
        0.5174843668937683,
        0.44584694504737854,
        0.4906996488571167,
        0.4528498351573944,
        0.4763781726360321,
        0.4632548689842224,
        0.4740660488605499,
        0.4571124315261841
    ],
    "is_suc": 0,
    "now_seed": 200018
}