{
    "norm": [
        0.5818240642547607,
        0.3064415752887726,
        0.28753775358200073,
        0.3115970194339752,
        0.5071943402290344,
        0.284209668636322,
        0.31002143025398254,
        0.2911298871040344,
        0.26915061473846436,
        0.4494624733924866,
        0.5648093223571777,
        0.34125247597694397,
        0.32807657122612,
        0.4038044512271881,
        0.45276084542274475,
        0.42896559834480286,
        0.4533723294734955,
        0.4236256182193756,
        0.467909574508667,
        0.39342567324638367
    ],
    "is_suc": 0,
    "now_seed": 200014
}