{
    "norm": [
        0.6775281429290771,
        0.4068647623062134,
        0.39578428864479065,
        0.34894296526908875,
        0.38390517234802246,
        0.29535847902297974,
        0.2101021260023117,
        0.3035167157649994,
        0.42339253425598145,
        0.29930245876312256,
        0.3844021260738373,
        0.36765530705451965,
        0.4814944267272949,
        0.3008473813533783,
        0.22130794823169708,
        0.21404589712619781
    ],
    "is_suc": 1,
    "now_seed": 200006
}