{
    "norm": [
        0.6065806150436401,
        0.3967844247817993,
        0.1382753998041153,
        0.27296996116638184,
        0.2597096264362335,
        0.23615513741970062,
        0.31847280263900757,
        0.3796181380748749,
        0.3241422772407532,
        0.5008913278579712,
        0.4315912127494812,
        0.37383583188056946,
        0.3838867247104645,
        0.5079086422920227,
        0.3437599241733551,
        0.4725055396556854,
        0.3397788107395172,
        0.4671781063079834,
        0.3631802797317505,
        0.4677061140537262
    ],
    "is_suc": 0,
    "now_seed": 200011
}