{
    "norm": [
        0.5690473318099976,
        0.3150111734867096,
        0.38818812370300293,
        0.5067234635353088,
        0.4643898606300354,
        0.3011520504951477,
        0.2883622944355011,
        0.2705787420272827,
        0.3556172549724579,
        0.2996876537799835,
        0.27264317870140076,
        0.29107043147087097,
        0.27109017968177795,
        0.2541493773460388,
        0.19634675979614258,
        0.21089333295822144,
        0.5308550000190735,
        0.29028502106666565,
        0.2374790608882904,
        0.19660525023937225
    ],
    "is_suc": 0,
    "now_seed": 200005
}