{
    "norm": [
        0.6172766089439392,
        0.26075395941734314,
        0.33061230182647705,
        0.45969659090042114,
        0.40206238627433777,
        0.24960455298423767,
        0.2766777276992798,
        0.26240482926368713,
        0.24858435988426208,
        0.36141714453697205,
        0.4176895022392273,
        0.32747682929039,
        0.3814106285572052,
        0.33597803115844727,
        0.35997387766838074,
        0.33167538046836853,
        0.3854401409626007,
        0.5146218538284302,
        0.4882226586341858,
        0.4816729724407196
    ],
    "is_suc": 0,
    "now_seed": 200016
}