{
    "norm": [
        0.6241605281829834,
        0.4527716338634491,
        0.43804439902305603,
        0.29795053601264954,
        0.22623299062252045,
        0.25091567635536194,
        0.19037212431430817,
        0.2369626760482788,
        0.23004469275474548,
        0.23091597855091095,
        0.2536284923553467,
        0.23757466673851013,
        0.2649933099746704,
        0.25629937648773193,
        0.26172229647636414,
        0.2629031836986542,
        0.2884029150009155,
        0.23178796470165253,
        0.2929750680923462,
        0.23910747468471527
    ],
    "is_suc": 0,
    "now_seed": 200004
}