{
    "norm": [
        0.6541895270347595,
        0.531891405582428,
        0.4528424143791199,
        0.43803781270980835,
        0.5469772219657898,
        0.5504400730133057,
        0.31550508737564087
    ],
    "is_suc": 1,
    "now_seed": 200001
}