{
    "norm": [
        0.7322789430618286,
        0.45416489243507385,
        0.33139488101005554,
        0.46638816595077515,
        0.5101143717765808,
        0.5731414556503296,
        0.29385238885879517
    ],
    "is_suc": 1,
    "now_seed": 200018
}