{
    "norm": [
        0.6675108671188354,
        0.5294080972671509,
        0.3468116819858551,
        0.5616057515144348,
        0.506870448589325,
        0.569037139415741
    ],
    "is_suc": 0,
    "now_seed": 200013
}