{
    "norm": [
        0.6294126510620117,
        0.5030626654624939,
        0.4707660973072052
    ],
    "is_suc": 0,
    "now_seed": 200024
}