{
    "norm": [
        0.6009317636489868,
        0.5618498921394348,
        0.24664916098117828
    ],
    "is_suc": 0,
    "now_seed": 200017
}