{
    "norm": [
        0.6695957779884338,
        0.5376782417297363,
        0.3834935128688812,
        0.37034228444099426,
        0.3790484368801117
    ],
    "is_suc": 0,
    "now_seed": 200006
}