{
    "norm": [
        0.5552941560745239,
        0.45536690950393677,
        0.4932292401790619
    ],
    "is_suc": 0,
    "now_seed": 200003
}