{
    "norm": [
        0.7255667448043823,
        0.49735942482948303,
        0.47516781091690063
    ],
    "is_suc": 0,
    "now_seed": 200005
}