{
    "norm": [
        0.5736470222473145,
        0.510944664478302,
        0.3118603527545929,
        0.4360184669494629,
        0.5185409784317017
    ],
    "is_suc": 0,
    "now_seed": 200016
}