{
    "norm": [
        0.6816185712814331,
        0.448689341545105,
        0.3986760079860687
    ],
    "is_suc": 0,
    "now_seed": 200008
}