{
    "norm": [
        0.5952479839324951,
        0.5246575474739075,
        0.3928963541984558
    ],
    "is_suc": 0,
    "now_seed": 200002
}