{
    "norm": [
        0.6130532026290894,
        0.5651046633720398,
        0.25461915135383606,
        0.3826187252998352,
        0.5135561227798462,
        0.5301176309585571,
        0.26159027218818665,
        0.25461694598197937,
        0.2412426918745041,
        0.22900766134262085,
        0.22743450105190277,
        0.23461495339870453,
        0.22411279380321503,
        0.2220996469259262
    ],
    "is_suc": 0,
    "now_seed": 200022
}