{
    "norm": [
        0.5865827202796936,
        0.4948884844779968,
        0.5059292316436768
    ],
    "is_suc": 0,
    "now_seed": 200012
}