{
    "norm": [
        0.7104255557060242,
        0.5445712804794312,
        0.6489259004592896,
        0.39814892411231995,
        0.4236341714859009,
        0.6392188668251038,
        0.2799791991710663,
        0.3346749544143677,
        0.2981552481651306,
        0.3080364167690277,
        0.32096490263938904,
        0.33532726764678955,
        0.34714093804359436,
        0.3562948703765869
    ],
    "is_suc": 0,
    "now_seed": 200004
}