{
    "norm": [
        0.5890352129936218,
        0.3933088779449463,
        0.3819597065448761
    ],
    "is_suc": 0,
    "now_seed": 200020
}