{
    "norm": [
        0.6385542154312134,
        0.42828860878944397,
        0.4782673716545105,
        0.3278272747993469,
        0.541496217250824,
        0.3391524851322174,
        0.3318060040473938
    ],
    "is_suc": 1,
    "now_seed": 200014
}