{
    "norm": [
        0.6340749263763428,
        0.5682492256164551,
        0.4606976807117462,
        0.5982151031494141,
        0.45725610852241516
    ],
    "is_suc": 0,
    "now_seed": 200007
}