{
    "norm": [
        0.570835530757904,
        0.4702684283256531,
        0.5454905033111572
    ],
    "is_suc": 0,
    "now_seed": 200011
}