{
    "norm": [
        0.7852160930633545,
        0.49262067675590515,
        0.5513776540756226
    ],
    "is_suc": 0,
    "now_seed": 200009
}