{
    "norm": [
        0.5910288691520691,
        0.5416327118873596,
        0.39007821679115295
    ],
    "is_suc": 0,
    "now_seed": 200021
}