{
    "norm": [
        0.39852002263069153,
        0.4904043972492218,
        0.35525983572006226,
        0.2703394591808319,
        0.15723684430122375,
        0.18990427255630493,
        0.27721068263053894,
        0.29577702283859253,
        0.3119117319583893,
        0.32273465394973755,
        0.3319730758666992,
        0.2916922867298126,
        0.32485270500183105,
        0.3908291459083557,
        0.3621109426021576,
        0.34593307971954346,
        0.5384386777877808,
        0.3638177514076233,
        0.2829209864139557,
        0.2385028600692749
    ],
    "is_suc": 0,
    "now_seed": 200005
}