{
    "norm": [
        0.3970303237438202,
        0.4450621008872986,
        0.2413131147623062,
        0.2098962366580963,
        0.2760944664478302,
        0.22900888323783875,
        0.26544055342674255,
        0.17372189462184906,
        0.4700954556465149,
        0.5424032807350159,
        0.522052526473999,
        0.6458646655082703,
        0.5220402479171753,
        0.3678056597709656,
        0.3182649314403534,
        0.273182213306427,
        0.28782838582992554,
        0.2714022696018219,
        0.2762076258659363,
        0.2741204798221588
    ],
    "is_suc": 0,
    "now_seed": 200018
}