{
    "norm": [
        0.37474796175956726,
        0.366895467042923,
        0.20596827566623688,
        0.18609409034252167,
        0.2381184846162796,
        0.14527882635593414,
        0.1391838937997818,
        0.5036676526069641,
        0.29781997203826904,
        0.41969648003578186,
        0.31269371509552,
        0.5911644101142883,
        0.4774884581565857,
        0.42011764645576477,
        0.21051748096942902,
        0.26101502776145935,
        0.2611943781375885,
        0.2681136429309845,
        0.2744695842266083,
        0.2453753799200058
    ],
    "is_suc": 0,
    "now_seed": 200011
}