{
    "norm": [
        0.4538385570049286,
        0.5399320125579834,
        0.41095003485679626,
        0.2836979329586029,
        0.2974430322647095,
        0.22819751501083374,
        0.23063860833644867,
        0.36178484559059143,
        0.47466427087783813,
        0.48602011799812317,
        0.35801583528518677,
        0.3204871416091919,
        0.32406654953956604,
        0.3190154731273651,
        0.2283497005701065,
        0.20152999460697174,
        0.35373347997665405,
        0.1982758790254593,
        0.31249719858169556,
        0.30336838960647583
    ],
    "is_suc": 0,
    "now_seed": 200019
}