{
    "norm": [
        0.4512398838996887,
        0.7078072428703308,
        0.5182172656059265,
        0.7052379250526428,
        0.4918416738510132,
        0.3717249035835266,
        0.18748736381530762,
        0.3016372621059418,
        0.30748414993286133,
        0.40717294812202454,
        0.43989166617393494,
        0.2925128936767578,
        0.2442375272512436,
        0.28914591670036316,
        0.21026666462421417,
        0.19432127475738525
    ],
    "is_suc": 1,
    "now_seed": 200006
}