{
    "norm": [
        0.4091898798942566,
        0.5631300210952759,
        0.476805716753006,
        0.42111286520957947,
        0.2834603488445282,
        0.2364608496427536,
        0.2687499225139618,
        0.2760668992996216,
        0.33449414372444153,
        0.2521076202392578,
        0.3126794993877411,
        0.2830428183078766,
        0.35084399580955505,
        0.40283146500587463,
        0.3960576355457306,
        0.2579984962940216,
        0.3336997330188751,
        0.3111211061477661,
        0.2753700017929077,
        0.34121525287628174
    ],
    "is_suc": 0,
    "now_seed": 200001
}