{
    "norm": [
        0.3867781162261963,
        0.41947248578071594,
        0.3175763487815857,
        0.22977633774280548,
        0.1941346526145935,
        0.19691258668899536,
        0.24257799983024597,
        0.2585398554801941,
        0.4783580005168915,
        0.5113284587860107,
        0.2908584475517273,
        0.3200744688510895,
        0.3234078586101532,
        0.42042556405067444,
        0.4858694076538086,
        0.5223212242126465,
        0.26253920793533325,
        0.3174494802951813,
        0.2749410569667816,
        0.2839192748069763
    ],
    "is_suc": 0,
    "now_seed": 200016
}