{
    "norm": [
        0.38112908601760864,
        0.3207704424858093,
        0.20447704195976257,
        0.3140906095504761,
        0.22971288859844208,
        0.22119534015655518,
        0.22087933123111725,
        0.2402864694595337,
        0.1900019496679306,
        0.4667228162288666,
        0.5330182909965515,
        0.46503746509552,
        0.4828013777732849,
        0.6138571500778198,
        0.5831114649772644,
        0.3370097279548645,
        0.33450624346733093,
        0.30481094121932983,
        0.32535454630851746,
        0.3123747706413269
    ],
    "is_suc": 0,
    "now_seed": 200014
}