{
    "norm": [
        0.53608238697052,
        0.4427272379398346,
        0.2309352457523346,
        0.45660823583602905,
        0.30993834137916565,
        0.3184272050857544,
        0.3739778995513916,
        0.3083948493003845,
        0.3940609395503998,
        0.2951471507549286,
        0.39710068702697754,
        0.2905215919017792,
        0.4030028283596039,
        0.2884367108345032,
        0.39937856793403625,
        0.293901264667511,
        0.43141651153564453,
        0.2967187464237213,
        0.4157525897026062,
        0.30046460032463074
    ],
    "is_suc": 0,
    "now_seed": 200002
}