{
    "norm": [
        0.3934768736362457,
        0.4609980583190918,
        0.29049140214920044,
        0.24182634055614471,
        0.1855999380350113,
        0.20536455512046814,
        0.17034706473350525,
        0.2774326801300049,
        0.32435503602027893,
        0.3146216571331024,
        0.3353721499443054,
        0.5115092396736145,
        0.3824491500854492,
        0.2546936273574829,
        0.2369239628314972,
        0.2655365765094757,
        0.1648622304201126,
        0.32311689853668213,
        0.27873238921165466,
        0.42266687750816345
    ],
    "is_suc": 0,
    "now_seed": 200015
}