{
    "norm": [
        0.3686583340167999,
        0.3360838294029236,
        0.23898321390151978,
        0.22582480311393738,
        0.21971313655376434,
        0.23553983867168427,
        0.26276737451553345,
        0.1983230710029602,
        0.46401894092559814,
        0.3171371817588806,
        0.44743603467941284,
        0.42709624767303467,
        0.6528987288475037,
        0.5583432912826538,
        0.29695966839790344,
        0.3636381924152374,
        0.39292004704475403,
        0.5810632705688477,
        0.6915301084518433,
        0.49711599946022034
    ],
    "is_suc": 0,
    "now_seed": 200009
}