{
    "norm": [
        0.3864125907421112,
        0.3849806785583496,
        0.291476845741272,
        0.26801449060440063,
        0.1775924265384674,
        0.23359264433383942,
        0.1473059207201004,
        0.22388193011283875,
        0.22325575351715088,
        0.30358749628067017,
        0.3161848485469818,
        0.23271480202674866,
        0.3732399046421051,
        0.39323264360427856,
        0.2820703685283661,
        0.17784318327903748,
        0.1750686764717102,
        0.14682459831237793,
        0.2699042856693268,
        0.25082796812057495
    ],
    "is_suc": 0,
    "now_seed": 200000
}