{
    "norm": [
        0.3927726447582245,
        0.4782298803329468,
        0.3273472189903259,
        0.2289736121892929,
        0.16722425818443298,
        0.1602017879486084,
        0.27369120717048645,
        0.2978065609931946,
        0.42388129234313965,
        0.47081461548805237,
        0.24637967348098755,
        0.41063550114631653,
        0.44055724143981934,
        0.6674847602844238,
        0.5679829120635986,
        0.36118394136428833,
        0.3719063401222229,
        0.32527846097946167,
        0.48651233315467834,
        0.38362056016921997
    ],
    "is_suc": 0,
    "now_seed": 200012
}