{
    "norm": [
        0.5264004468917847,
        0.6264681220054626,
        0.4701845049858093,
        0.26280322670936584,
        0.3309948742389679,
        0.16638605296611786,
        0.29556262493133545,
        0.3539946377277374,
        0.43133053183555603,
        0.7375026345252991,
        0.5356189012527466,
        0.4099727272987366,
        0.23585133254528046,
        0.25491389632225037,
        0.22215455770492554,
        0.21228566765785217,
        0.250002920627594,
        0.23758701980113983,
        0.3464156985282898,
        0.17672687768936157
    ],
    "is_suc": 0,
    "now_seed": 200010
}