{
    "norm": [
        0.5052947998046875,
        0.46959632635116577,
        0.21395158767700195,
        0.2960270345211029,
        0.26651841402053833,
        0.2523772120475769,
        0.2529444396495819,
        0.38365256786346436,
        0.4670063853263855,
        0.4592091739177704,
        0.3095608651638031,
        0.2928672730922699,
        0.3146752715110779,
        0.22804942727088928,
        0.2252655178308487,
        0.31784215569496155,
        0.2928916811943054,
        0.36194390058517456,
        0.20238731801509857,
        0.20914487540721893
    ],
    "is_suc": 0,
    "now_seed": 200013
}