{
    "norm": [
        0.5178040862083435,
        0.4707011878490448,
        0.26728278398513794,
        0.5340198278427124,
        0.3691055178642273,
        0.27081748843193054,
        0.36093300580978394,
        0.3080974221229553,
        0.3740517497062683,
        0.2971888482570648,
        0.38129907846450806,
        0.2917845845222473,
        0.38474324345588684,
        0.2855125069618225,
        0.3788558542728424,
        0.2940254211425781,
        0.3925171494483948,
        0.3036506175994873,
        0.3973265588283539,
        0.30666792392730713
    ],
    "is_suc": 0,
    "now_seed": 200007
}