{
    "norm": [
        0.3855757415294647,
        0.3749266266822815,
        0.21605926752090454,
        0.2006993293762207,
        0.1765010952949524,
        0.24340057373046875,
        0.14220915734767914,
        0.23571957647800446,
        0.13846100866794586,
        0.2584427297115326,
        0.24338398873806,
        0.17521964013576508,
        0.2825714349746704,
        0.13526464998722076,
        0.28386005759239197,
        0.2689359486103058,
        0.3602532148361206,
        0.5280922651290894,
        0.3541277348995209,
        0.2645450234413147
    ],
    "is_suc": 0,
    "now_seed": 200008
}