{
    "norm": [
        0.5431436896324158,
        0.48628655076026917,
        0.24443663656711578,
        0.2957499921321869,
        0.35069772601127625,
        0.2800798714160919,
        0.3639434576034546,
        0.3151308000087738,
        0.3879418969154358,
        0.3295760750770569,
        0.4119589924812317,
        0.3243149518966675,
        0.41766250133514404,
        0.3136724829673767,
        0.41418686509132385,
        0.3159934878349304,
        0.4237140715122223,
        0.32155105471611023,
        0.42571350932121277,
        0.32302531599998474
    ],
    "is_suc": 0,
    "now_seed": 200003
}