{
    "norm": [
        0.5866273045539856,
        0.4179081618785858,
        0.2799328863620758,
        0.5611042976379395,
        0.39165130257606506,
        0.2727556526660919,
        0.2951010465621948,
        0.38457608222961426,
        0.2850552499294281,
        0.4054724872112274,
        0.27955350279808044,
        0.409697949886322,
        0.27554312348365784,
        0.38785770535469055,
        0.28091591596603394,
        0.42489567399024963,
        0.2777893543243408,
        0.4231875240802765,
        0.27428537607192993,
        0.42386627197265625
    ],
    "is_suc": 0,
    "now_seed": 200004
}