{
    "norm": [
        0.4346461296081543,
        0.5170472860336304,
        0.3355472981929779,
        0.31026554107666016,
        0.378459632396698,
        0.2478155940771103,
        0.2784516513347626,
        0.3390287458896637,
        0.3911416232585907,
        0.5027236938476562,
        0.31217387318611145,
        0.30327701568603516,
        0.3141220510005951,
        0.3315107226371765,
        0.21203064918518066,
        0.22975553572177887,
        0.20004722476005554,
        0.26071587204933167,
        0.30459198355674744,
        0.31731870770454407
    ],
    "is_suc": 0,
    "now_seed": 200017
}