{
    "norm": [
        0.9863664507865906,
        3.1452996730804443,
        3.6331615447998047,
        3.8856847286224365,
        3.313716173171997,
        3.157679796218872,
        3.6922149658203125,
        3.65971040725708
    ],
    "is_suc": 1,
    "now_seed": 200022
}