{
    "norm": [
        0.5225895643234253,
        2.68963623046875,
        2.904372215270996,
        3.1484086513519287,
        3.288691282272339,
        3.4505202770233154,
        3.540470600128174,
        3.974609136581421,
        3.053224563598633,
        3.1588237285614014,
        2.773817777633667,
        2.988516330718994
    ],
    "is_suc": 0,
    "now_seed": 200019
}