{
    "norm": [
        0.5966126322746277,
        3.68435001373291,
        3.8409130573272705,
        4.066247463226318,
        3.370932102203369,
        3.421400785446167,
        3.668820858001709,
        3.9694695472717285,
        3.8068482875823975
    ],
    "is_suc": 1,
    "now_seed": 200017
}