{
    "norm": [
        0.7666900753974915,
        3.274380922317505,
        3.692087173461914,
        3.8621268272399902,
        3.322683811187744,
        3.779508113861084,
        3.564033031463623,
        3.635577440261841,
        4.048234462738037
    ],
    "is_suc": 1,
    "now_seed": 200020
}