{
    "norm": [
        0.257460355758667,
        3.350987434387207,
        2.804544448852539,
        2.410188674926758,
        3.381870746612549,
        3.451627492904663,
        4.10617733001709,
        2.6700644493103027,
        2.973737955093384,
        3.2388205528259277,
        3.0523555278778076,
        3.2408089637756348
    ],
    "is_suc": 0,
    "now_seed": 200002
}