{
    "norm": [
        0.6902611255645752,
        3.4647789001464844,
        3.9784162044525146,
        4.008182525634766,
        3.3054897785186768,
        3.4029788970947266,
        3.6298601627349854,
        3.5562212467193604,
        4.243198394775391
    ],
    "is_suc": 1,
    "now_seed": 200000
}