{
    "norm": [
        0.48379868268966675,
        3.191633701324463,
        2.9043781757354736,
        2.795804262161255,
        3.218903064727783,
        3.582395076751709,
        3.3533082008361816,
        3.2381677627563477
    ],
    "is_suc": 1,
    "now_seed": 200013
}