{
    "norm": [
        0.40685632824897766,
        3.173874855041504,
        3.7569961547851562,
        4.071508407592773,
        3.20410418510437,
        3.369955539703369,
        3.593837261199951,
        3.503868341445923,
        4.503384113311768,
        4.078648567199707,
        4.103418350219727,
        4.3174848556518555
    ],
    "is_suc": 0,
    "now_seed": 200011
}