{
    "norm": [
        0.3405621349811554,
        3.5180165767669678,
        2.927265167236328,
        2.883202075958252,
        3.054499387741089,
        3.1489357948303223,
        3.4917428493499756,
        2.9905753135681152,
        3.1328938007354736
    ],
    "is_suc": 1,
    "now_seed": 200010
}