{
    "norm": [
        0.5507409572601318,
        3.296814203262329,
        3.7730417251586914,
        3.7906315326690674,
        3.545527696609497,
        3.2763664722442627,
        3.471050500869751,
        3.7007288932800293,
        4.099484920501709
    ],
    "is_suc": 1,
    "now_seed": 200012
}