{
    "norm": [
        0.7029935717582703,
        3.2499094009399414,
        3.7865538597106934,
        3.2278897762298584,
        3.4508824348449707,
        3.4838364124298096,
        3.5406882762908936,
        4.031581878662109,
        4.1649580001831055,
        4.300709247589111,
        3.9146690368652344,
        4.229362964630127
    ],
    "is_suc": 0,
    "now_seed": 200016
}