{
    "norm": [
        0.49716565012931824,
        3.2549779415130615,
        3.744097948074341,
        3.5325980186462402,
        3.3810086250305176,
        3.264082193374634,
        3.7017576694488525,
        3.4706339836120605,
        4.205312252044678
    ],
    "is_suc": 1,
    "now_seed": 200015
}