{
    "norm": [
        0.5678063035011292,
        2.5098698139190674,
        2.701902151107788,
        2.6583197116851807,
        3.562138795852661,
        3.697450876235962,
        3.4030635356903076,
        3.15775990486145
    ],
    "is_suc": 1,
    "now_seed": 200021
}