{
    "norm": [
        0.5882421135902405,
        3.183651924133301,
        3.715886354446411,
        3.5650453567504883,
        3.021493434906006,
        3.4171700477600098,
        3.554507255554199,
        3.915670871734619
    ],
    "is_suc": 1,
    "now_seed": 200009
}