{
    "norm": [
        0.3588290810585022,
        3.2480051517486572,
        2.775832176208496,
        2.7723135948181152,
        3.2612664699554443,
        3.358419418334961,
        3.8087809085845947,
        3.383359909057617,
        2.9624807834625244
    ],
    "is_suc": 1,
    "now_seed": 200005
}