{
    "norm": [
        0.6807340979576111,
        2.862452983856201,
        3.6702380180358887,
        3.89713191986084,
        3.4226410388946533,
        3.3919129371643066,
        3.6735610961914062,
        3.7256369590759277,
        3.805755615234375
    ],
    "is_suc": 1,
    "now_seed": 200008
}