{
    "norm": [
        0.6913324594497681,
        2.7490696907043457,
        2.928870916366577,
        2.7292349338531494,
        3.4088797569274902,
        3.3364059925079346,
        3.8325250148773193,
        4.074076175689697,
        3.1440787315368652,
        2.811960220336914,
        2.8789494037628174,
        2.787477970123291
    ],
    "is_suc": 0,
    "now_seed": 200004
}