{
    "norm": [
        0.638092041015625,
        3.4129862785339355,
        4.00869083404541,
        3.5846612453460693,
        3.524362087249756,
        3.2759339809417725,
        3.801708459854126,
        3.499440908432007,
        4.141445636749268,
        4.102906227111816,
        4.158041000366211,
        3.432391881942749
    ],
    "is_suc": 0,
    "now_seed": 200014
}