{
    "norm": [
        0.4769003689289093,
        3.2054731845855713,
        3.853529453277588,
        3.9774060249328613,
        3.3872334957122803,
        3.1995255947113037,
        3.572730302810669,
        3.6656360626220703
    ],
    "is_suc": 1,
    "now_seed": 200001
}