{
    "norm": [
        0.6010761857032776,
        2.967991352081299,
        3.732313394546509,
        4.01877498626709,
        3.425368547439575,
        3.3301782608032227,
        3.70483136177063,
        3.8375396728515625
    ],
    "is_suc": 1,
    "now_seed": 200006
}