{
    "norm": [
        0.3720239996910095,
        0.29766660928726196,
        0.364040732383728
    ],
    "is_suc": 0,
    "now_seed": 200016
}