{
    "norm": [
        0.4770343005657196,
        0.27544909715652466,
        0.31289142370224
    ],
    "is_suc": 0,
    "now_seed": 200017
}