{
    "norm": [
        0.3726254105567932,
        0.30303844809532166,
        0.35980960726737976
    ],
    "is_suc": 0,
    "now_seed": 200009
}