{
    "norm": [
        0.37036073207855225,
        0.30883777141571045,
        0.30969318747520447,
        0.3148646056652069,
        0.44485363364219666,
        0.3190803527832031,
        0.4372667372226715,
        0.262488454580307,
        0.24652181565761566,
        0.3378686010837555,
        0.28285008668899536,
        0.18759381771087646,
        0.24218714237213135,
        0.32564282417297363
    ],
    "is_suc": 0,
    "now_seed": 200000
}