{
    "norm": [
        0.5767454504966736,
        0.34169578552246094,
        0.31740856170654297
    ],
    "is_suc": 0,
    "now_seed": 200003
}