{
    "norm": [
        0.5382544994354248,
        0.3149961531162262,
        0.257517009973526
    ],
    "is_suc": 0,
    "now_seed": 200013
}