{
    "norm": [
        0.3662016987800598,
        0.30920740962028503,
        0.32294484972953796,
        0.2610756754875183,
        0.43711209297180176,
        0.3244180381298065,
        0.4193097949028015,
        0.26273536682128906,
        0.2560885548591614,
        0.3504556119441986,
        0.2876221835613251,
        0.21372902393341064,
        0.22640079259872437,
        0.34010210633277893
    ],
    "is_suc": 0,
    "now_seed": 200004
}