{
    "norm": [
        0.39732611179351807,
        0.24495850503444672,
        0.3154604434967041,
        0.49254024028778076,
        0.5630752444267273,
        0.319525808095932,
        0.4506417214870453,
        0.26974010467529297,
        0.22478565573692322,
        0.3599875569343567,
        0.25996893644332886,
        0.1978221982717514,
        0.24123069643974304,
        0.29483041167259216
    ],
    "is_suc": 0,
    "now_seed": 200007
}