{
    "norm": [
        0.37970322370529175,
        0.30549922585487366,
        0.34693071246147156,
        0.18785375356674194,
        0.46091389656066895,
        0.36154505610466003,
        0.4571755528450012,
        0.2787730097770691,
        0.2392561435699463,
        0.3803154528141022,
        0.3074381649494171,
        0.24683773517608643,
        0.20066000521183014,
        0.3185582756996155
    ],
    "is_suc": 0,
    "now_seed": 200001
}