{
    "norm": [
        0.3783723711967468,
        0.30947235226631165,
        0.33429738879203796,
        0.2416604459285736
    ],
    "is_suc": 0,
    "now_seed": 200006
}