{
    "norm": [
        0.5339271426200867,
        0.30517882108688354,
        0.32359275221824646,
        0.3484759032726288
    ],
    "is_suc": 0,
    "now_seed": 200019
}