{
    "norm": [
        0.5727291107177734,
        0.37693628668785095,
        0.3059333860874176,
        0.24036380648612976,
        0.3882907032966614,
        0.4955105781555176,
        0.38051164150238037,
        0.23616626858711243,
        0.28082364797592163,
        0.3275828957557678,
        0.25452059507369995,
        0.18434369564056396,
        0.24826204776763916,
        0.3313513696193695
    ],
    "is_suc": 0,
    "now_seed": 200002
}