{
    "norm": [
        0.3813793957233429,
        0.324972540140152,
        0.3027072846889496,
        0.13534680008888245,
        0.4327832758426666,
        0.3908257782459259,
        0.40947219729423523,
        0.258983850479126,
        0.2545756697654724,
        0.3651301860809326,
        0.2856067717075348,
        0.20437704026699066,
        0.21913819015026093,
        0.32610857486724854
    ],
    "is_suc": 0,
    "now_seed": 200011
}