{
    "norm": [
        0.41105711460113525,
        0.33343392610549927,
        0.26172611117362976,
        0.16114600002765656,
        0.3902750611305237,
        0.36837902665138245,
        0.41056206822395325,
        0.25641465187072754,
        0.2518472671508789,
        0.355104923248291,
        0.2442275732755661,
        0.17027555406093597,
        0.24946710467338562,
        0.3154904544353485
    ],
    "is_suc": 0,
    "now_seed": 200018
}