{
    "norm": [
        0.37365302443504333,
        0.3039247989654541,
        0.3460555076599121,
        0.25814178586006165,
        0.44634586572647095,
        0.32407423853874207,
        0.4323534369468689,
        0.25094184279441833,
        0.2423873394727707,
        0.3462216258049011,
        0.277184396982193,
        0.20739075541496277,
        0.22718626260757446,
        0.3003598153591156
    ],
    "is_suc": 0,
    "now_seed": 200012
}