{
    "norm": [
        0.46144354343414307,
        0.3036251664161682,
        0.38978826999664307,
        0.6281225681304932
    ],
    "is_suc": 0,
    "now_seed": 200014
}