{
    "norm": [
        0.37268155813217163,
        0.30874595046043396,
        0.3314518928527832,
        0.5235685110092163,
        0.647285521030426,
        0.3514919579029083,
        0.45692288875579834,
        0.2551576793193817,
        0.2852311432361603,
        0.3295101523399353,
        0.27134469151496887,
        0.19392883777618408,
        0.2457929402589798,
        0.32437434792518616
    ],
    "is_suc": 0,
    "now_seed": 200015
}