{
    "norm": [
        0.47669145464897156,
        0.31819477677345276,
        0.3985086679458618,
        0.582885205745697
    ],
    "is_suc": 0,
    "now_seed": 200010
}