{
    "norm": [
        0.36766090989112854,
        0.3156164288520813,
        0.3250955045223236
    ],
    "is_suc": 0,
    "now_seed": 200008
}