{
    "norm": [
        0.3791944682598114,
        0.3082840144634247,
        0.29940205812454224,
        0.23021024465560913,
        0.3913034200668335,
        0.46609020233154297,
        0.41631582379341125,
        0.1965891718864441,
        0.2850271761417389,
        0.3088148534297943,
        0.2666236460208893,
        0.17686022818088531,
        0.2773470878601074,
        0.3015587627887726
    ],
    "is_suc": 0,
    "now_seed": 200005
}